Pre Class,Post Class,Pre,Post,Early L1,Late L1,L2,L3,adult_TEM,adult_SEM,standard deviation,median absolute deviation,daf2-dauer,Pearson's correlation,Spearman's correlation,Pearson pvalue,Spearman pvalue,classification,nondauer contact
ADA,RIC,ADA,RIC,8.358860113246076,5.555555555555555,6.557377049180328,1.5384615384615383,3.4090909090909087,0.9523809523809524,2.922957571569268,2.509457755359395,0.0,-0.7916204971699982,-0.8406680016960504,0.0606088966215457,0.0360575728451591,stable,Y
ADA,RMF,ADA,RMF,0.0,0.0,0.0,0.0,1.1363636363636365,3.8095238095238098,1.5314585769660165,0.0,2.702702702702702,0.7574788419825234,0.8231932086840424,0.0810926438183672,0.0441274153280589,post-embryonic brain integration,Y
ADA,SAAD,ADA,SAAD,0.0,0.0,0.0,0.0,1.1363636363636365,0.9523809523809524,0.5424406817965143,0.0,5.405405405405405,0.9031598375871824,0.8231932086840424,0.0136129412367979,0.0441274153280589,variable,Y
ADA,SMDV,ADA,SMDV,0.0,0.0,0.0,0.0,1.1363636363636365,1.9047619047619049,0.8219528942383622,0.0,0.0,0.8677986133464524,0.8231932086840424,0.0250605544738166,0.0441274153280589,variable,Y
ADE,ALN,ADE,ALN,0.0,0.0,0.0,0.0,1.3986013986013983,1.6,0.7768505837745219,0.0,0.0,0.9053422223028172,0.8231932086840424,0.0130160709832732,0.0441274153280589,post-embryonic brain integration,Y
ADE,AVA,ADE,AVA,34.25925925925926,25.0,11.428571428571429,9.615384615384617,8.391608391608392,7.199999999999999,11.057916627292576,2.7261738261738264,12.5,-0.8560685472050495,-0.9856107606091624,0.0295835337330011,0.0003090856678496,stable,Y
ADE,CEPD,ADE,CEPD,0.0,0.0,0.0,1.9230769230769231,2.097902097902098,2.4,1.182194806265948,0.9615384615384616,0.0,0.8679693015302272,0.924061655450546,0.0249973714858092,0.0084309940089491,developmentally dynamic (strengthened),Y
ADE,IL1L/R,ADE,IL1L/R,0.0,0.0,2.857142857142857,3.8461538461538463,5.594405594405594,4.0,2.279664681703633,1.4455544455544451,0.0,0.888608731493626,0.9705882352941178,0.0179209498006794,0.0012848565031548,developmentally dynamic (strengthened),Y
ADE,RIV,ADE,RIV,0.0,0.0,0.0,1.9230769230769231,4.195804195804196,4.8,2.2123593840161986,0.9615384615384616,0.0,0.940661931406882,0.924061655450546,0.0051770447173663,0.0084309940089491,developmentally dynamic (strengthened),Y
ADE,RMDL/R,ADE,RMDL/R,0.0,0.0,0.0,1.9230769230769231,5.594405594405594,4.8,2.559252607515446,0.9615384615384616,18.75,0.9413378157414262,0.924061655450546,0.0050609421175762,0.0084309940089491,developmentally dynamic (strengthened),Y
ADE,RMF,ADE,RMF,0.0,0.0,0.0,0.0,4.895104895104895,4.0,2.3140831194345663,0.0,6.25,0.9015787184184084,0.8231932086840424,0.0140534318931047,0.0441274153280589,post-embryonic brain integration,Y
ADE,SAAV,ADE,SAAV,0.0,0.0,0.0,0.0,0.6993006993006993,0.8,0.3884252918872609,0.0,0.0,0.9053422223028172,0.8231932086840424,0.0130160709832732,0.0441274153280589,variable,Y
ADE,SMBV,ADE,SMBV,0.0,0.0,0.0,0.0,0.6993006993006993,0.8,0.3884252918872609,0.0,0.0,0.9053422223028172,0.8231932086840424,0.0130160709832732,0.0441274153280589,variable,Y
ADF,RIG,ADF,RIG,0.0,2.0408163265306123,5.47945205479452,8.928571428571429,7.964601769911504,6.862745098039216,3.5044987269853007,2.275488022824598,0.0,0.7845452974833846,0.8116794499134278,0.064630311093746,0.0498575851013404,developmentally dynamic (strengthened),Y
ADL,ADA,ADL,ADA,3.769841269841269,7.017543859649122,3.896103896103896,1.4925373134328357,0.0,1.1764705882352942,2.5323563335227357,1.3598166539343008,0.0,-0.7510962480014816,-0.8116794499134278,0.0852194398873819,0.0498575851013404,variable,Y
ADL,ASK,ADL,ASK,24.64494569757727,15.789473684210526,7.792207792207792,7.462686567164178,1.6528925619834711,2.941176470588235,8.703936509604725,5.330412663400132,60.0,-0.9250042287727858,-0.9856107606091624,0.0082256467312056,0.0003090856678496,developmentally dynamic (weakened),Y
ADL,AVB,ADL,AVB,0.0,0.0,0.0,1.4925373134328357,1.6528925619834711,0.5882352941176471,0.7723168108572322,0.2941176470588235,0.0,0.6516100511917553,0.8316554899054915,0.1609203227002006,0.0401243800094587,variable,Y
ADL,AVE,ADL,AVE,0.0,0.0,0.0,1.4925373134328357,1.6528925619834711,0.5882352941176471,0.7723168108572322,0.2941176470588235,0.0,0.6516100511917553,0.8316554899054915,0.1609203227002006,0.0401243800094587,variable,Y
ADL,AWB,ADL,AWB,0.0,0.0,0.0,0.0,0.8264462809917356,1.1764705882352942,0.5288636565647903,0.0,0.0,0.8882817369670655,0.8231932086840424,0.018024279281477,0.0441274153280589,variable,Y
ADL,OLL,ADL,OLL,3.508771929824561,1.7543859649122806,0.0,0.0,0.0,0.0,1.4678246079545183,0.0,0.0,-0.7852499798893848,-0.8574929257125441,0.0642244820416479,0.0290153635313838,variable,Y
ADL,SMBV,ADL,SMBV,1.7543859649122806,0.0,1.2987012987012987,1.4925373134328357,4.958677685950414,5.88235294117647,2.3119052863303065,0.9741109898219088,0.0,0.8590481476150684,0.6377481392176932,0.028400961879976,0.1730711102412597,variable,Y
AIA,RIF,AIA,RIF,13.41880341880342,5.263157894736842,6.0,4.25531914893617,4.838709677419355,3.75,3.595788628080068,0.8723404255319149,4.545454545454546,-0.7268341763002109,-0.8406680016960504,0.1017375930820881,0.0360575728451591,stable,Y
AIB,AUA,AIB,AUA,0.0,0.0,0.0,0.0,0.6896551724137931,2.702702702702702,1.0827936858475034,0.0,0.0,0.7348310166886542,0.8231932086840424,0.0961492604328321,0.0441274153280589,developmentally dynamic (strengthened),Y
AIB,AVA,AIB,AVA,0.0,1.851851851851852,1.4705882352941175,0.0,6.206896551724138,4.72972972972973,2.553470744238034,1.6612200435729845,0.0,0.8734948136528515,0.6764705882352942,0.0229930764516506,0.1400748015469161,developmentally dynamic (strengthened),Y
AIB,RMF,AIB,RMF,0.0,0.0,0.0,1.2987012987012987,1.3793103448275863,2.702702702702702,1.101669294949223,0.6493506493506493,0.0,0.8513757665109367,0.924061655450546,0.0314922517270053,0.0084309940089491,post-embryonic brain integration,Y
AIB,SAAV,AIB,SAAV,0.0,0.0,0.0,1.2987012987012987,1.3793103448275863,2.702702702702702,1.101669294949223,0.6493506493506493,0.0,0.8513757665109367,0.924061655450546,0.0314922517270053,0.0084309940089491,developmentally dynamic (strengthened),Y
AIB,SIBV,AIB,SIBV,0.0,0.0,0.0,0.0,0.6896551724137931,0.6756756756756757,0.3525546259554004,0.0,0.0,0.908328659799625,0.8231932086840424,0.0122202656973834,0.0441274153280589,variable,Y
AIB,SMDD,AIB,SMDD,12.722342321841694,9.25925925925926,11.76470588235294,11.688311688311687,4.137931034482759,7.432432432432432,3.267588163212198,1.7697386283118446,11.76470588235294,-0.8316301946586881,-0.8116794499134278,0.0401360804592809,0.0498575851013404,stable,Y
AIB,DVA,AIB,DVA,0.0,0.0,0.0,1.2987012987012987,1.3793103448275863,0.6756756756756757,0.6589572474950157,0.3378378378378378,5.88235294117647,0.7018659071616133,0.8316554899054915,0.1200762399595584,0.0401243800094587,variable,Y
AIB,RIA,AIB,RIA,0.0,0.0,0.0,0.0,0.6896551724137931,0.6756756756756757,0.3525546259554004,0.0,0.0,0.908328659799625,0.8231932086840424,0.0122202656973834,0.0441274153280589,variable,Y
AIM,ADA,AIM,ADA,0.0,0.0,0.0,0.0,1.1494252873563218,2.1052631578947367,0.8930634888884391,0.0,0.0,0.8547883998248378,0.8231932086840424,0.0300986176544024,0.0441274153280589,variable,Y
AIM,AIA,AIM,AIA,42.64705882352941,27.27272727272727,20.833333333333336,26.666666666666668,17.24137931034483,20.0,9.146561989230598,3.636363636363635,31.57894736842105,-0.840851945530056,-0.9276336570439174,0.0359766956851976,0.0076658441874731,stable,Y
AIM,AIZ,AIM,AIZ,0.0,0.0,0.0,0.0,1.1494252873563218,3.1578947368421053,1.280727139431277,0.0,0.0,0.788827531109868,0.8231932086840424,0.0621822247775227,0.0441274153280589,developmentally dynamic (strengthened),Y
AIM,ASG,AIM,ASG,30.637254901960784,22.727272727272727,14.583333333333334,17.77777777777778,14.942528735632186,14.736842105263156,6.397305915529619,1.7000655374067382,0.0,-0.8155030326127868,-0.6377481392176932,0.0479186382439185,0.1730711102412597,stable,Y
AIM,AVA,AIM,AVA,0.0,0.0,0.0,0.0,1.1494252873563218,1.0526315789473684,0.5693919549494042,0.0,10.526315789473683,0.9070865671798752,0.8231932086840424,0.0125483025318664,0.0441274153280589,variable,N
AIM,AVJ,AIM,AVJ,0.0,0.0,0.0,0.0,1.1494252873563218,2.1052631578947367,0.8930634888884391,0.0,0.0,0.8547883998248378,0.8231932086840424,0.0300986176544024,0.0441274153280589,variable,Y
AIM,AWB,AIM,AWB,0.0,0.0,0.0,2.2222222222222223,2.2988505747126435,2.1052631578947367,1.2113681385997064,1.0526315789473684,0.0,0.8251999110568466,0.8316554899054915,0.043162092069307,0.0401243800094587,variable,Y
AIM,CEPV,AIM,CEPV,0.0,0.0,0.0,0.0,1.1494252873563218,1.0526315789473684,0.5693919549494042,0.0,0.0,0.9070865671798752,0.8231932086840424,0.0125483025318664,0.0441274153280589,variable,Y
AIM,RIF,AIM,RIF,0.0,0.0,0.0,0.0,2.2988505747126435,4.2105263157894735,1.7861269777768782,0.0,0.0,0.8547883998248378,0.8231932086840424,0.0300986176544024,0.0441274153280589,developmentally dynamic (strengthened),Y
AIM,SIAD,AIM,SIAD,0.0,0.0,0.0,0.0,1.1494252873563218,1.0526315789473684,0.5693919549494042,0.0,0.0,0.9070865671798752,0.8231932086840424,0.0125483025318664,0.0441274153280589,variable,Y
AIM,SMBV,AIM,SMBV,0.0,0.0,0.0,0.0,1.1494252873563218,1.0526315789473684,0.5693919549494042,0.0,0.0,0.9070865671798752,0.8231932086840424,0.0125483025318664,0.0441274153280589,variable,Y
AIN,AFD,AIN,AFD,26.26262626262626,26.47058823529412,25.64102564102564,19.148936170212767,18.6046511627907,20.73170731707317,3.707907446690812,3.1802407699107853,18.51851851851852,-0.8032260037948952,-0.8406680016960504,0.054270463258011,0.0360575728451591,stable,Y
AIN,RIB,AIN,RIB,4.41919191919192,8.823529411764707,12.82051282051282,14.893617021276595,17.441860465116278,15.853658536585366,4.903547250342057,2.7906945799561145,3.7037037037037033,0.9170182886583736,0.9856107606091624,0.0100432420699897,0.0003090856678496,stable,Y
AIY,AIB,AIY,AIB,0.0,0.0,0.0,0.0,1.5873015873015872,3.278688524590164,1.3655046546112282,0.0,0.0,0.8358138614813284,0.8231932086840424,0.0382226420235898,0.0441274153280589,variable,Y
AIY,ASE,AIY,ASE,1.1494252873563218,0.0,0.0,0.0,6.349206349206349,4.918032786885246,2.8328449898106003,0.5747126436781609,0.0,0.8268537566005957,0.5544369932703277,0.0423740029754129,0.2535615811664182,variable,Y
AIZ,ADF,AIZ,ADF,1.6666666666666667,4.081632653061225,0.8333333333333334,1.4285714285714286,0.5025125628140703,0.0,1.4385797459740883,0.5820770519262982,0.0,-0.6507780583351468,-0.8696565534786727,0.1616390974430911,0.0243768916856907,variable,Y
AIZ,AWA,AIZ,AWA,0.0,0.0,0.0,0.7142857142857143,1.0050251256281406,0.411522633744856,0.4319464274151153,0.205761316872428,0.0,0.7443680815022408,0.8316554899054915,0.0896690405153453,0.0401243800094587,variable,Y
AIZ,AWC,AIZ,AWC,0.0,0.0,0.8333333333333334,0.0,1.507537688442211,1.2345679012345678,0.6871164356324048,0.4166666666666667,0.0,0.8651798761133831,0.8008534347238067,0.0260394220213919,0.0555400195809376,variable,Y
AIZ,DVA,AIZ,DVA,0.0,0.0,0.0,0.0,0.5025125628140703,0.411522633744856,0.2377504421778637,0.0,0.0,0.9017229396692978,0.8231932086840424,0.0140129722550319,0.0441274153280589,variable,Y
AIZ,RIB,AIZ,RIB,2.299936234656464,1.020408163265306,0.8333333333333334,0.0,0.0,0.0,0.9110299115178656,0.4166666666666667,0.0,-0.8636182872334248,-0.954863710632231,0.0266316093751666,0.0030099491928176,variable,Y
ALA,ADL,ALA,ADL,0.0,0.0,0.0,0.0,8.333333333333332,11.11111111111111,5.09679960908255,0.0,0.0,0.8948072879823638,0.8231932086840424,0.0160162546646452,0.0441274153280589,variable,Y
ALM,AVD,ALM,AVD,0.0,0.0,0.0,7.142857142857142,1.9230769230769231,8.064516129032258,3.764208622372591,0.9615384615384616,0.0,0.5938452278160757,0.8316554899054915,0.2139425578199981,0.0401243800094587,developmentally dynamic (strengthened),Y
ALM,PVC,ALM,PVC,0.0,11.11111111111111,6.0606060606060606,21.428571428571427,23.07692307692308,27.41935483870968,10.776862070160586,8.508158508158509,16.0,0.8977780908781711,0.9276336570439174,0.0151399034032683,0.0076658441874731,developmentally dynamic (strengthened),Y
ALM,PVN,ALM,PVN,0.0,0.0,0.0,0.0,3.8461538461538463,3.225806451612903,1.836479762808179,0.0,0.0,0.9032026415319884,0.8231932086840424,0.013601110420247,0.0441274153280589,post-embryonic brain integration,Y
ALN,RIV,ALN,RIV,0.0,0.0,0.0,6.25,9.30232558139535,2.702702702702702,3.933429890378341,1.351351351351351,0.0,0.6920026609138544,0.8316554899054915,0.1276848639603459,0.0401243800094587,post-embryonic brain integration,Y
ALN,RMG,ALN,RMG,0.0,0.0,0.0,0.0,4.651162790697675,2.702702702702702,1.9962311617443649,0.0,9.090909090909092,0.8640450439975456,0.8231932086840424,0.0264691463792493,0.0441274153280589,post-embryonic brain integration,Y
ALN,SAAV,ALN,SAAV,0.0,0.0,42.85714285714285,50.0,46.51162790697674,51.35135135135135,24.797849423237697,5.991290293615872,45.45454545454545,0.7944136127095573,0.8823529411764706,0.0590540112351761,0.0199470791776918,post-embryonic brain integration,Y
ALN,SMDD,ALN,SMDD,0.0,0.0,0.0,0.0,2.3255813953488373,2.702702702702702,1.303763058519669,0.0,0.0,0.9045918448953976,0.8231932086840424,0.0132198374178108,0.0441274153280589,post-embryonic brain integration,Y
AQR,BAG,AQR,BAG,0.0,0.0,7.142857142857142,13.157894736842104,14.814814814814811,14.864864864864863,7.046317587318065,4.689463899990215,5.714285714285714,0.9006960486124016,0.9705882352941178,0.0143022803670332,0.0012848565031548,post-embryonic brain integration,Y
AQR,RIA,AQR,RIA,0.0,6.25,4.761904761904762,13.157894736842104,18.51851851851852,22.972972972972972,8.797657913188816,6.878306878306878,2.857142857142857,0.9566556927752532,0.9276336570439174,0.0027773773503821,0.0076658441874731,post-embryonic brain integration,Y
ASE,RIA,ASE,RIA,0.0,0.0,0.0,0.0,3.90625,0.819672131147541,1.562578731891715,0.0,5.084745762711865,0.7093754997055114,0.8231932086840424,0.1144204497729355,0.0441274153280589,developmentally dynamic (strengthened),Y
ASG,AIB,ASG,AIB,5.0,5.88235294117647,9.090909090909092,31.57894736842105,17.5,13.333333333333334,9.922447181088588,5.770944741532977,0.0,0.4162244364086802,0.8116794499134278,0.411717284925285,0.0498575851013404,stable,Y
ASH,ADA,ASH,ADA,8.178815004262574,5.970149253731343,5.434782608695652,5.263157894736842,4.0,2.923976608187134,1.7939646254059944,0.9850746268656714,2.631578947368421,-0.9542193289405904,-0.9856107606091624,0.0030958296000499,0.0003090856678496,stable,Y
ASH,AIY,ASH,AIY,0.0,0.0,0.0,0.0,1.3333333333333337,0.5847953216374269,0.548919014636976,0.0,0.0,0.8195981896099109,0.8231932086840424,0.0458816481787084,0.0441274153280589,variable,Y
ASH,HSN,ASH,HSN,0.0,0.0,0.0,0.0,4.666666666666667,2.923976608187134,2.035899773007312,0.0,0.0,0.8744877301194799,0.8231932086840424,0.0226413767394703,0.0441274153280589,post-embryonic brain integration,Y
ASH,RIA,ASH,RIA,4.257246376811594,5.970149253731343,5.434782608695652,4.2105263157894735,2.0,1.1695906432748535,1.892561066719974,1.4685795849129644,5.263157894736842,-0.8199821937488042,-0.8116794499134278,0.0456927503818217,0.0498575851013404,stable,Y
ASI,AIA,ASI,AIA,9.696969696969695,5.555555555555555,12.903225806451612,10.869565217391305,15.584415584415584,13.253012048192772,3.478326380420452,1.7780211756115376,16.666666666666664,0.7378615667070434,0.8696565534786727,0.0940682118587955,0.0243768916856907,stable,Y
ASI,AIB,ASI,AIB,6.060606060606061,5.555555555555555,6.451612903225806,8.695652173913043,15.584415584415584,15.66265060240964,4.736156770432196,1.765551730488616,0.0,0.948321403051206,0.9276336570439174,0.0039370076438761,0.0076658441874731,variable,Y
ASI,AWA,ASI,AWA,0.0,0.0,0.0,0.0,3.896103896103896,1.2048192771084338,1.5680972880038804,0.0,0.0,0.7629697350073027,0.8231932086840424,0.0776164430265591,0.0441274153280589,developmentally dynamic (strengthened),Y
ASK,ADL,ASK,ADL,0.0,0.0,0.0,2.083333333333333,4.705882352941177,3.883495145631068,2.1252144186753763,1.0416666666666663,4.0,0.933247168608045,0.924061655450546,0.0065351874258582,0.0084309940089491,developmentally dynamic (strengthened),Y
ASK,AIA,ASK,AIA,90.1098901098901,70.0,78.57142857142857,62.5,49.41176470588236,54.36893203883495,15.261996086871074,12.10124826629681,40.0,-0.9263670518003044,-0.9276336570439174,0.0079331046243825,0.0076658441874731,stable,Y
ASK,ASG,ASK,ASG,0.0,0.0,0.0,0.0,1.1764705882352942,0.9708737864077668,0.5582408638269423,0.0,0.0,0.9022182482544528,0.8231932086840424,0.013874447549245,0.0441274153280589,variable,Y
ASK,ASI,ASK,ASI,0.0,0.0,0.0,0.0,1.1764705882352942,0.9708737864077668,0.5582408638269423,0.0,0.0,0.9022182482544528,0.8231932086840424,0.013874447549245,0.0441274153280589,variable,Y
ASK,HSN,ASK,HSN,0.0,0.0,0.0,0.0,3.5294117647058822,2.912621359223301,1.6747225914808268,0.0,0.0,0.9022182482544524,0.8231932086840424,0.0138744475492451,0.0441274153280589,post-embryonic brain integration,Y
AVF,AIM,AVF,AIM,0.0,0.0,0.0,0.0,2.631578947368421,2.0408163265306123,1.2207860393157286,0.0,0.0,0.8977006797203315,0.8231932086840424,0.0151624374811579,0.0441274153280589,post-embryonic brain integration,Y
AVF,AVJ,AVF,AVJ,0.0,0.0,0.0,0.0,5.263157894736842,2.0408163265306123,2.143568165438555,0.0,0.0,0.7991963012622159,0.8231932086840424,0.0564347721768295,0.0441274153280589,post-embryonic brain integration,Y
AVF,BDU,AVF,BDU,0.0,0.0,4.761904761904762,0.0,5.263157894736842,8.16326530612245,3.5179422801124423,2.380952380952381,0.0,0.8160997986965202,0.8008534347238067,0.0476192394877924,0.0555400195809376,post-embryonic brain integration,Y
AVF,DVA,AVF,DVA,0.0,0.0,0.0,0.0,7.894736842105263,2.0408163265306123,3.163519083455312,0.0,0.0,0.7366363154072473,0.8231932086840424,0.094907136290833,0.0441274153280589,post-embryonic brain integration,Y
AVF,HSN,AVF,HSN,0.0,0.0,0.0,0.0,10.526315789473683,18.367346938775512,7.861579146203384,0.0,0.0,0.8620338903130766,0.8231932086840424,0.0272389030061685,0.0441274153280589,post-embryonic brain integration,Y
AVF,PVN,AVF,PVN,0.0,0.0,0.0,0.0,15.789473684210526,4.081632653061225,6.327038166910624,0.0,0.0,0.7366363154072473,0.8231932086840424,0.094907136290833,0.0441274153280589,post-embryonic brain integration,Y
AVH,ADA,AVH,ADA,2.083333333333333,3.0303030303030303,2.0,0.0,0.0,0.0,1.3482613876816747,1.0,0.0,-0.7924154482403627,-0.8932596002688613,0.0601644703083944,0.0164821953396456,variable,Y
AVH,ADF,AVH,ADF,16.38888888888889,15.151515151515152,14.000000000000002,16.666666666666664,4.761904761904762,9.67741935483871,4.6724385623121165,1.9520202020201989,0.0,-0.8560027488933483,-0.6377481392176932,0.0296099059893547,0.1730711102412597,stable,Y
AVH,ADL,AVH,ADL,7.638888888888888,3.0303030303030303,2.0,3.333333333333333,1.5873015873015872,1.6129032258064515,2.2939041176984345,0.860215053763441,0.0,-0.7932098849846649,-0.8116794499134278,0.059721832371213,0.0498575851013404,variable,Y
AVH,AIZ,AVH,AIZ,14.72222222222222,12.12121212121212,6.0,3.333333333333333,0.0,0.0,6.207290900801854,4.666666666666667,0.0,-0.9466668207796496,-1.0,0.0041907908143199,0.0,variable,Y
AVH,PVC,AVH,PVC,0.0,0.0,0.0,0.0,3.1746031746031744,1.6129032258064515,1.331129285708709,0.0,0.0,0.8435690967760513,0.8231932086840424,0.0347919600453433,0.0441274153280589,variable,Y
AVH,PVP,AVH,PVP,3.75,3.0303030303030303,6.0,6.666666666666667,11.11111111111111,8.064516129032258,2.951792417871006,2.157258064516129,0.0,0.901144636967114,0.9276336570439174,0.0141755479758324,0.0076658441874731,stable,Y
AVH,RIF,AVH,RIF,5.5555555555555545,3.0303030303030303,2.0,0.0,1.5873015873015872,0.0,2.0913546908710896,1.5151515151515151,0.0,-0.7666888622525979,-0.8676470588235294,0.0753010911107267,0.0251167184001627,variable,Y
AVH,RIR,AVH,RIR,5.0,3.0303030303030303,6.0,20.0,11.11111111111111,20.967741935483872,7.808742650628109,4.54040404040404,0.0,0.6607527301237732,0.8406680016960504,0.1531112998270758,0.0360575728451591,developmentally dynamic (strengthened),Y
AVH,SMBD,AVH,SMBD,0.0,0.0,2.0,0.0,3.1746031746031744,4.838709677419355,2.038634066222071,1.0,0.0,0.8646396181676856,0.8008534347238067,0.026243583693241,0.0555400195809376,developmentally dynamic (strengthened),Y
AVH,SMDV,AVH,SMDV,0.0,0.0,0.0,0.0,3.1746031746031744,1.6129032258064515,1.331129285708709,0.0,0.0,0.8435690967760513,0.8231932086840424,0.0347919600453433,0.0441274153280589,variable,Y
AVH,AIN,AVH,AIN,0.0,0.0,0.0,0.0,1.5873015873015872,3.225806451612903,1.3464287647903015,0.0,0.0,0.8384434209039227,0.8231932086840424,0.0370424363455678,0.0441274153280589,variable,Y
AVJ,AVA,AVJ,AVA,0.0,0.0,0.0,0.0,3.8461538461538463,4.545454545454546,2.177959650684956,0.0,0.0,0.9037054701665084,0.8231932086840424,0.0134625026289002,0.0441274153280589,variable,Y
AVJ,AVM,AVJ,AVM,0.0,0.0,0.0,5.555555555555555,7.6923076923076925,9.090909090909092,4.231082564291488,2.7777777777777777,0.0,0.9106608706645628,0.924061655450546,0.0116156908072582,0.0084309940089491,post-embryonic brain integration,Y
AVK,AVE,AVK,AVE,17.777777777777775,17.857142857142858,16.27906976744186,14.285714285714285,11.940298507462686,10.144927536231885,3.177067714938593,2.5350682908822435,5.263157894736842,-0.9537554550815212,-0.9276336570439174,0.0031583885828393,0.0076658441874731,stable,Y
AVK,RMF,AVK,RMF,0.0,0.0,0.0,0.0,2.985074626865672,2.898550724637681,1.5193919146671384,0.0,2.631578947368421,0.9082527714876724,0.8231932086840424,0.0122401872871299,0.0441274153280589,post-embryonic brain integration,Y
AVK,RMG,AVK,RMG,5.65432098765432,7.142857142857142,4.651162790697675,0.0,0.0,0.0,3.2828128939414274,2.3255813953488373,2.631578947368421,-0.8251941584442923,-0.8932596002688613,0.0431648451245989,0.0164821953396456,variable,Y
AVK,SMBD,AVK,SMBD,0.0,0.0,0.0,0.0,1.4925373134328357,1.4492753623188406,0.7596959573335692,0.0,0.0,0.9082527714876724,0.8231932086840424,0.0122401872871299,0.0441274153280589,variable,Y
AVK,SMDD,AVK,SMDD,0.0,0.0,0.0,3.571428571428571,2.985074626865672,4.3478260869565215,2.037251320987683,1.4925373134328357,7.894736842105263,0.817920990057327,0.8316554899054915,0.0467109374000758,0.0401243800094587,developmentally dynamic (strengthened),Y
AVL,PVT,AVL,PVT,0.0,0.0,0.0,0.0,33.33333333333333,20.0,14.40164599646191,0.0,0.0,0.8685966072895178,0.8231932086840424,0.0247658159818638,0.0441274153280589,variable,Y
AVM,AVJ,AVM,AVJ,0.0,0.0,4.761904761904762,14.285714285714285,11.904761904761903,13.333333333333334,6.62401321106836,5.476190476190477,0.0,0.8192875618085763,0.7941176470588236,0.0460347162553173,0.0592178913087725,post-embryonic brain integration,Y
AVM,BDU,AVM,BDU,0.0,0.0,4.761904761904762,7.142857142857142,14.285714285714285,11.11111111111111,5.819504538445028,5.555555555555555,0.0,0.9573689615007684,0.9705882352941178,0.0026873692245686,0.0012848565031548,post-embryonic brain integration,Y
AVM,PVC,AVM,PVC,0.0,0.0,9.523809523809524,21.428571428571427,30.952380952380956,35.55555555555556,15.42107946215004,15.476190476190474,42.85714285714285,0.9546262362527158,0.9705882352941178,0.0030414603916965,0.0012848565031548,post-embryonic brain integration,Y
AVM,PVN,AVM,PVN,0.0,0.0,0.0,0.0,2.380952380952381,2.2222222222222223,1.189594029413604,0.0,0.0,0.9075910506114876,0.8231932086840424,0.0124145617559349,0.0441274153280589,post-embryonic brain integration,Y
AWA,ADL,AWA,ADL,14.461152882205516,9.375,4.081632653061225,2.380952380952381,1.1904761904761905,3.333333333333333,5.094525231522827,1.921768707482993,0.0,-0.8345483136976171,-0.898645105261295,0.0387968319699253,0.0148886220055803,developmentally dynamic (weakened),Y
AWA,AFD,AWA,AFD,0.0,3.125,10.20408163265306,9.523809523809524,10.714285714285714,12.22222222222222,4.885194865014645,1.604308390022676,5.172413793103448,0.8640076933918597,0.9276336570439174,0.0264833466182932,0.0076658441874731,developmentally dynamic (strengthened),Y
AWA,AIZ,AWA,AIZ,8.270676691729323,21.875,26.53061224489796,28.57142857142857,30.952380952380956,28.88888888888889,8.381746605820375,2.3696145124716548,17.24137931034483,0.8299818183509173,0.9856107606091624,0.040901984878104,0.0003090856678496,stable,Y
AWA,AWB,AWA,AWB,26.62907268170426,31.25,24.489795918367346,21.428571428571427,10.714285714285714,12.22222222222222,8.146985079458803,5.980352667382743,5.172413793103448,-0.9242368790850032,-0.9276336570439174,0.008392633666475,0.0076658441874731,stable,Y
AWA,HSN,AWA,HSN,0.0,0.0,0.0,0.0,1.1904761904761905,2.2222222222222223,0.9396190812263516,0.0,0.0,0.8518784167109256,0.8231932086840424,0.0312851111309346,0.0441274153280589,post-embryonic brain integration,Y
AWA,RIF,AWA,RIF,0.0,0.0,0.0,2.380952380952381,5.952380952380952,1.1111111111111112,2.3438466673326577,0.5555555555555556,5.172413793103448,0.6915938668404189,0.8316554899054915,0.1280045910939033,0.0401243800094587,developmentally dynamic (strengthened),Y
AWC,AIB,AWC,AIB,31.218483969767902,31.746031746031743,25.26315789473684,30.136986301369863,20.18348623853211,22.48062015503876,4.897145415842865,3.782185759846469,13.157894736842104,-0.887144785397753,-0.8696565534786727,0.0183857702898157,0.0243768916856907,stable,Y
AWC,BAG,AWC,BAG,0.7092198581560284,0.0,0.0,0.0,2.752293577981652,3.10077519379845,1.4502170553848974,0.3546099290780142,0.0,0.8188410494349772,0.5544369932703277,0.0462551596240074,0.2535615811664182,variable,Y
BAG,AIB,BAG,AIB,0.0,0.0,0.0,0.0,3.225806451612903,1.6260162601626018,1.3510286602311958,0.0,0.0,0.8423098768524708,0.8231932086840424,0.0353386873133114,0.0441274153280589,developmentally dynamic (strengthened),Y
BAG,AVA,BAG,AVA,0.0,0.0,1.8867924528301887,3.225806451612903,4.301075268817205,8.94308943089431,3.3550593156364017,2.1505376344086025,6.896551724137931,0.8786024943317168,0.9705882352941178,0.0212114925426299,0.0012848565031548,developmentally dynamic (strengthened),Y
BAG,RIB,BAG,RIB,39.556277056277054,41.37931034482759,39.62264150943396,35.483870967741936,20.43010752688172,30.08130081300813,7.969364560582226,2.9809019151212794,34.48275862068966,-0.86531844792399,-0.8116794499134278,0.0259871782553345,0.0498575851013404,stable,Y
BAG,RMF,BAG,RMF,0.0,0.0,0.0,0.0,9.67741935483871,4.878048780487805,4.053085980693588,0.0,6.896551724137931,0.8423098768524709,0.8231932086840424,0.0353386873133114,0.0441274153280589,post-embryonic brain integration,Y
BAG,AIY,BAG,AIY,0.0,0.0,0.0,0.0,2.1505376344086025,1.6260162601626018,0.9891088017895132,0.0,0.0,0.8955362135249999,0.8231932086840424,0.0157990339501199,0.0441274153280589,variable,Y
BDU,PVN,BDU,PVN,0.0,0.0,0.0,0.0,14.893617021276595,36.36363636363637,14.874471689009384,0.0,0.0,0.8082492561668997,0.8231932086840424,0.0516273426245213,0.0441274153280589,post-embryonic brain integration,Y
BDU,RID,BDU,RID,0.0,0.0,0.0,0.0,6.382978723404255,2.272727272727273,2.585375495270215,0.0,0.0,0.7852544398258706,0.8231932086840424,0.0642219172728843,0.0441274153280589,variable,Y
BDU,HSN,BDU,HSN,0.0,0.0,0.0,0.0,6.382978723404255,2.272727272727273,2.585375495270215,0.0,0.0,0.7852544398258706,0.8231932086840424,0.0642219172728843,0.0441274153280589,post-embryonic brain integration,Y
CEPD,ADA,CEPD,ADA,3.885135135135135,1.7857142857142856,0.0,0.0,0.0,0.0,1.6076874698029808,0.0,0.0,-0.7807281416670018,-0.8574929257125441,0.066848910100466,0.0290153635313838,variable,Y
CEPD,AVE,CEPD,AVE,16.77927927927928,16.071428571428573,15.068493150684931,10.95890410958904,11.904761904761903,12.23021582733813,2.439876058912352,2.083333333333335,0.0,-0.7901555898221347,-0.8116794499134278,0.061431799367381,0.0498575851013404,stable,Y
CEPD,BWM07D,CEPD,BWM07D,0.0,0.0,0.0,0.0,0.7936507936507936,1.4388489208633095,0.6114723166447444,0.0,0.0,0.8563398299224831,0.8231932086840424,0.0294749198449577,0.0441274153280589,variable,Y
CEPD,RIC,CEPD,RIC,24.831081081081084,14.285714285714285,12.32876712328767,13.6986301369863,11.904761904761903,11.510791366906476,5.047747253548113,1.190476190476191,66.66666666666666,-0.7610943424674429,-0.9276336570439174,0.0787959905153095,0.0076658441874731,stable,Y
CEPD,RIS,CEPD,RIS,0.0,0.0,0.0,1.36986301369863,1.5873015873015872,1.4388489208633095,0.8056692549284287,0.684931506849315,0.0,0.8554578622262707,0.924061655450546,0.0298287261700277,0.0084309940089491,variable,Y
CEPD,RMH,CEPD,RMH,0.0,0.0,2.73972602739726,1.36986301369863,7.142857142857142,5.755395683453238,3.0105314100146945,2.054794520547945,0.0,0.944905254166647,0.9117647058823528,0.0044695283774347,0.0113347242010991,post-embryonic brain integration,Y
CEPD,SIAD,CEPD,SIAD,0.0,0.0,0.0,1.36986301369863,1.5873015873015872,1.4388489208633095,0.8056692549284287,0.684931506849315,0.0,0.8554578622262707,0.924061655450546,0.0298287261700277,0.0084309940089491,variable,Y
CEPD,URX,CEPD,URX,0.0,0.0,0.0,0.0,3.968253968253968,2.877697841726619,1.8009446628965955,0.0,0.0,0.8915896150598508,0.8231932086840424,0.016992153931477,0.0441274153280589,developmentally dynamic (strengthened),Y
CEPD,AVD,CEPD,AVD,0.0,0.0,0.0,0.0,0.7936507936507936,0.7194244604316548,0.3913788486306163,0.0,0.0,0.9067649183666882,0.8231932086840424,0.0126339346234492,0.0441274153280589,variable,Y
CEPD,AVJ,CEPD,AVJ,0.0,0.0,0.0,0.0,0.7936507936507936,0.7194244604316548,0.3913788486306163,0.0,0.0,0.9067649183666882,0.8231932086840424,0.0126339346234492,0.0441274153280589,variable,Y
CEPV,AVE,CEPV,AVE,16.091269841269842,16.666666666666664,12.676056338028168,11.39240506329114,9.243697478991598,10.0,3.104150382318572,2.412381961163855,13.333333333333334,-0.9155730298528668,-0.9276336570439174,0.0103909758711392,0.0076658441874731,stable,Y
CEPV,BWM05V,CEPV,BWM05V,0.0,0.0,0.0,0.0,0.8403361344537815,0.7692307692307693,0.4161962339155188,0.0,0.0,0.9070733751914044,0.8231932086840424,0.0125518090796627,0.0441274153280589,variable,Y
CEPV,IL1L/R,CEPV,IL1L/R,0.0,0.0,0.0,0.0,0.8403361344537815,0.7692307692307693,0.4161962339155188,0.0,0.0,0.9070733751914044,0.8231932086840424,0.0125518090796627,0.0441274153280589,variable,Y
CEPV,IL1V,CEPV,IL1V,0.9523809523809524,5.555555555555555,5.633802816901409,7.59493670886076,5.88235294117647,6.153846153846154,2.254476631927582,0.2991452991452994,2.2222222222222223,0.6141831265008797,0.8116794499134278,0.1945666700752649,0.0498575851013404,developmentally dynamic (strengthened),Y
CEPV,OLL,CEPV,OLL,23.57142857142857,20.37037037037037,15.492957746478872,15.18987341772152,14.285714285714285,15.384615384615383,3.719941186789461,0.7009927138292271,13.333333333333334,-0.8253800177988537,-0.898645105261295,0.0430759389624167,0.0148886220055803,stable,Y
CEPV,SIAV,CEPV,SIAV,0.0,0.0,0.0,1.2658227848101269,0.8403361344537815,2.307692307692308,0.936685876137597,0.4201680672268907,2.2222222222222223,0.7679884295309147,0.8316554899054915,0.0744995350473153,0.0401243800094587,developmentally dynamic (strengthened),Y
CEPV,URX,CEPV,URX,0.0,0.0,0.0,0.0,2.5210084033613445,1.5384615384615383,1.0932335438551128,0.0,0.0,0.8709393511350338,0.8231932086840424,0.0239101175296666,0.0441274153280589,developmentally dynamic (strengthened),Y
DVA,AIZ,DVA,AIZ,25.906432748538013,15.0,14.705882352941178,14.634146341463412,10.294117647058822,6.779661016949152,6.445045832628568,2.3529411764705888,6.0606060606060606,-0.9090903579508376,-0.9856107606091624,0.0120211802934531,0.0003090856678496,stable,Y
DVA,RIA,DVA,RIA,0.0,0.0,0.0,0.0,2.941176470588235,5.084745762711865,2.1803327217068493,0.0,3.0303030303030303,0.863383425013644,0.8231932086840424,0.0267212209142808,0.0441274153280589,developmentally dynamic (strengthened),Y
DVA,RIR,DVA,RIR,13.04093567251462,15.0,8.823529411764707,9.75609756097561,5.88235294117647,3.389830508474576,4.3250116788288535,3.5792913656690755,3.0303030303030303,-0.9041030501689388,-0.8696565534786727,0.0133533925172495,0.0243768916856907,stable,Y
DVA,SMBD,DVA,SMBD,0.0,0.0,0.0,0.0,4.411764705882353,5.084745762711865,2.4612065650055546,0.0,3.0303030303030303,0.9049977899802956,0.8231932086840424,0.0131094124441043,0.0441274153280589,developmentally dynamic (strengthened),Y
DVA,SMBV,DVA,SMBV,0.0,0.0,0.0,0.0,4.411764705882353,5.084745762711865,2.4612065650055546,0.0,3.0303030303030303,0.9049977899802956,0.8231932086840424,0.0131094124441043,0.0441274153280589,developmentally dynamic (strengthened),Y
DVC,AVD,DVC,AVD,3.333333333333333,3.4482758620689653,2.5,0.0,0.0,0.0,1.7259010780464308,1.25,0.0,-0.8577483617939157,-0.8932596002688613,0.0289140243137831,0.0164821953396456,variable,Y
DVC,BAG,DVC,BAG,3.703703703703704,3.4482758620689653,0.0,0.0,0.0,0.0,1.8483988888161755,0.0,4.0,-0.7742613098767579,-0.8574929257125441,0.0706853431837683,0.0290153635313838,variable,Y
DVC,RIV,DVC,RIV,0.0,0.0,0.0,0.0,1.162790697674419,1.162790697674419,0.6004625342957236,0.0,0.0,0.90840007562782,0.840168050416806,0.0122015325213225,0.036277824521899,variable,Y
DVC,RMF,DVC,RMF,0.0,0.0,0.0,2.7777777777777777,17.441860465116278,11.627906976744184,7.457860422949305,1.3888888888888888,4.0,0.9086465656451244,0.924061655450546,0.0121369821947193,0.0084309940089491,post-embryonic brain integration,Y
FLP,ADE,FLP,ADE,28.904428904428908,5.88235294117647,8.823529411764707,5.263157894736842,4.49438202247191,4.545454545454546,9.565483632373192,1.0528371339934277,0.0,-0.7127251443219824,-0.9276336570439174,0.1119363206434431,0.0076658441874731,stable,Y
FLP,AIB,FLP,AIB,0.0,0.0,2.941176470588235,5.263157894736842,11.235955056179774,3.0303030303030303,4.186315444719551,2.631578947368421,0.0,0.7393914672511455,0.8823529411764706,0.0930253612571373,0.0199470791776918,developmentally dynamic (strengthened),Y
FLP,AVA,FLP,AVA,37.35431235431236,5.88235294117647,38.23529411764706,42.10526315789473,42.69662921348314,43.93939393939394,14.51533902994728,2.671158429585393,50.0,0.4755969323901887,0.9276336570439174,0.3403928172107717,0.0076658441874731,stable,Y
FLP,RIH,FLP,RIH,0.0,0.0,0.0,0.0,1.1235955056179776,3.0303030303030303,1.2303975895013934,0.0,0.0,0.791848219820017,0.8231932086840424,0.0604814322722219,0.0441274153280589,variable,Y
FLP,SDQ,FLP,SDQ,0.0,0.0,0.0,2.631578947368421,1.1235955056179776,3.0303030303030303,1.392596636448379,0.5617977528089888,0.0,0.6712562136753548,0.8316554899054915,0.1443446379196284,0.0401243800094587,post-embryonic brain integration,Y
HSN,ADL,HSN,ADL,0.0,0.0,0.0,0.0,1.96078431372549,2.4390243902439024,1.146047904400374,0.0,0.0,0.9004561225057199,0.8231932086840424,0.0143702859977667,0.0441274153280589,post-embryonic brain integration,Y
HSN,AIA,HSN,AIA,0.0,0.0,0.0,0.0,13.725490196078432,14.634146341463412,7.328062356572835,0.0,0.0,0.9077014652699767,0.8231932086840424,0.0123853827607564,0.0441274153280589,post-embryonic brain integration,Y
HSN,ASH,HSN,ASH,0.0,0.0,0.0,0.0,5.88235294117647,9.75609756097561,4.219557482149005,0.0,0.0,0.8692773113977494,0.8231932086840424,0.0245157097839428,0.0441274153280589,post-embryonic brain integration,Y
HSN,ASK,HSN,ASK,0.0,0.0,0.0,0.0,5.88235294117647,4.878048780487805,2.7964165817746154,0.0,0.0,0.902522730801655,0.8231932086840424,0.0137896213795148,0.0441274153280589,post-embryonic brain integration,Y
HSN,AVF,HSN,AVF,0.0,0.0,0.0,0.0,1.96078431372549,4.878048780487805,1.992239711883052,0.0,0.0,0.8051410025605246,0.8231932086840424,0.0532556424442201,0.0441274153280589,post-embryonic brain integration,Y
HSN,AVH,HSN,AVH,0.0,0.0,0.0,0.0,1.96078431372549,2.4390243902439024,1.146047904400374,0.0,0.0,0.9004561225057199,0.8231932086840424,0.0143702859977667,0.0441274153280589,post-embryonic brain integration,Y
HSN,AWA,HSN,AWA,0.0,0.0,0.0,0.0,3.92156862745098,2.4390243902439024,1.707904167094137,0.0,0.0,0.8735054966101382,0.8231932086840424,0.0229892787007332,0.0441274153280589,post-embryonic brain integration,Y
HSN,AWB,HSN,AWB,0.0,0.0,0.0,0.0,13.725490196078432,9.75609756097561,6.191494598396756,0.0,0.0,0.8895359266805429,0.8231932086840424,0.0176295087257015,0.0441274153280589,post-embryonic brain integration,Y
HSN,BDU,HSN,BDU,0.0,0.0,0.0,0.0,3.92156862745098,14.634146341463412,5.867728350481854,0.0,0.0,0.7417186944422728,0.8231932086840424,0.0914489753306588,0.0441274153280589,post-embryonic brain integration,Y
HSN,PVN,HSN,PVN,0.0,0.0,0.0,0.0,3.92156862745098,7.317073170731707,3.0940937943445204,0.0,0.0,0.8519456443068207,0.8231932086840424,0.03125745579294,0.0441274153280589,post-embryonic brain integration,Y
HSN,PVQ,HSN,PVQ,0.0,0.0,0.0,0.0,3.92156862745098,4.878048780487805,2.292095808800748,0.0,0.0,0.9004561225057199,0.8231932086840424,0.0143702859977667,0.0441274153280589,post-embryonic brain integration,Y
HSN,RIF,HSN,RIF,0.0,0.0,0.0,0.0,5.88235294117647,12.195121951219512,5.076558396830454,0.0,0.0,0.8352181298224111,0.8231932086840424,0.0384924307144444,0.0441274153280589,post-embryonic brain integration,Y
IL1D,PVR,IL1D,PVR,0.0,0.0,0.0,2.5,5.555555555555555,1.6666666666666667,2.1971970546856605,0.8333333333333334,0.0,0.7538845644501154,0.8316554899054915,0.0834052599594296,0.0401243800094587,developmentally dynamic (strengthened),Y
IL1D,RIP,IL1D,RIP,26.126619230067504,31.25,19.35483870967742,15.0,11.11111111111111,10.0,8.48514473254462,6.621863799283156,0.0,-0.8756670796104589,-0.9276336570439174,0.0222270015290804,0.0076658441874731,stable,Y
IL1L/R,AVE,IL1L/R,AVE,0.0,0.0,0.0,0.0,2.5210084033613445,2.5974025974025974,1.3217888203003827,0.0,0.0,0.908248342644557,0.8231932086840424,0.0122413503960578,0.0441274153280589,developmentally dynamic (strengthened),Y
IL1L/R,GLRL/R,IL1L/R,GLRL/R,0.0,0.0,0.0,0.0,0.8403361344537815,1.2987012987012987,0.5710008217234107,0.0,0.0,0.8786444775075561,0.8231932086840424,0.0211971329885168,0.0441274153280589,variable,N
IL1L/R,RMF,IL1L/R,RMF,0.0,0.0,0.0,0.0,0.8403361344537815,1.2987012987012987,0.5710008217234107,0.0,0.0,0.8786444775075561,0.8231932086840424,0.0211971329885168,0.0441274153280589,post-embryonic brain integration,Y
IL1V,PVR,IL1V,PVR,0.0,0.0,0.0,0.0,1.8867924528301887,2.272727272727273,1.0808953965768415,0.0,0.0,0.9025911130542532,0.8231932086840424,0.0137706051979927,0.0441274153280589,variable,Y
IL1V,RIP,IL1V,RIP,22.222222222222214,31.818181818181817,21.428571428571427,16.0,9.433962264150944,13.636363636363637,7.871666393263601,4.292929292929292,0.0,-0.782915204041851,-0.9276336570439174,0.0655735646782116,0.0076658441874731,stable,Y
IL2D,IL1D,IL2D,IL1D,1.1494252873563218,6.25,6.666666666666667,11.320754716981131,12.745098039215684,11.904761904761903,4.469224142742747,2.827380952380952,0.0,0.9133839448807904,0.9856107606091624,0.0109285999156402,0.0003090856678496,developmentally dynamic (strengthened),Y
IL2D,OLQD,IL2D,OLQD,0.0,0.0,0.0,3.7735849056603774,4.901960784313726,5.555555555555555,2.6600496107637683,1.8867924528301887,0.0,0.9007908437261604,0.924061655450546,0.0142754541209833,0.0084309940089491,developmentally dynamic (strengthened),Y
IL2D,RMDV,IL2D,RMDV,0.0,0.0,0.0,0.0,0.9803921568627452,0.7936507936507936,0.461846792444433,0.0,0.0,0.9009438613544882,0.8231932086840424,0.014232202614648,0.0441274153280589,variable,Y
IL2D,RMEL/R,IL2D,RMEL/R,22.92219274977896,40.625,26.666666666666668,18.867924528301888,17.647058823529413,16.666666666666664,9.000870414827059,3.7381958939423834,0.0,-0.5822729260683445,-0.8116794499134278,0.2252980298505907,0.0498575851013404,stable,Y
IL2D,RMH,IL2D,RMH,0.0,0.0,0.0,0.0,1.96078431372549,0.7936507936507936,0.8012579169143947,0.0,0.0,0.8062908729138412,0.8231932086840424,0.0526505432058532,0.0441274153280589,post-embryonic brain integration,Y
IL2L/R,IL1D,IL2L/R,IL1D,0.0,0.0,0.0,0.0,1.36986301369863,3.896103896103896,1.5769854573212096,0.0,0.0,0.7832167550407562,0.8231932086840424,0.065398601321968,0.0441274153280589,variable,Y
IL2L/R,OLQV,IL2L/R,OLQV,26.5882509303562,19.230769230769237,16.129032258064516,19.565217391304348,16.43835616438356,14.285714285714285,4.346617392982817,1.7180925666199158,6.666666666666667,-0.8193152452623194,-0.6667366910003157,0.0460210650510917,0.1480897994403527,stable,Y
IL2L/R,RIC,IL2L/R,RIC,0.0,0.0,0.0,0.0,4.10958904109589,2.5974025974025974,1.7965485168255877,0.0,0.0,0.87562942433932,0.8231932086840424,0.022240175610075,0.0441274153280589,variable,Y
IL2L/R,RIH,IL2L/R,RIH,42.82296650717704,34.61538461538461,29.03225806451613,28.26086956521739,19.17808219178082,25.97402597402597,8.037555070455904,4.3206793206793215,20.0,-0.9170505907159574,-0.9856107606091624,0.0100355357114376,0.0003090856678496,stable,Y
IL2L/R,SMBV,IL2L/R,SMBV,0.0,0.0,0.0,0.0,2.73972602739726,1.2987012987012987,1.1379432812827848,0.0,0.0,0.8323829735325251,0.8231932086840424,0.0397885619777362,0.0441274153280589,variable,Y
IL2L/R,URB,IL2L/R,URB,0.0,0.0,0.0,0.0,1.36986301369863,1.2987012987012987,0.6893877222548787,0.0,6.666666666666667,0.9079159828273194,0.8231932086840424,0.0123287876715407,0.0441274153280589,variable,Y
IL2L/R,URX,IL2L/R,URX,0.0,0.0,0.0,0.0,1.36986301369863,2.5974025974025974,1.0954291875293007,0.0,6.666666666666667,0.8494513315950543,0.8231932086840424,0.0322912669631726,0.0441274153280589,variable,Y
IL2L/R,RMED/V,IL2L/R,RMED/V,0.0,0.0,0.0,2.1739130434782608,4.10958904109589,3.896103896103896,1.976032182070606,1.0869565217391304,0.0,0.9337341799973558,0.924061655450546,0.0064412464782784,0.0084309940089491,variable,Y
IL2V,IL1V,IL2V,IL1V,1.3333333333333333,3.4482758620689653,2.1739130434782608,6.349206349206349,10.1010101010101,8.181818181818182,3.503815987166015,3.0039525691699605,0.0,0.9287536618106564,0.9276336570439174,0.0074332364017059,0.0076658441874731,developmentally dynamic (strengthened),Y
IL2V,OLQV,IL2V,OLQV,0.0,0.0,0.0,1.5873015873015872,8.080808080808081,8.181818181818182,4.041232822303005,0.7936507936507936,0.0,0.9379662264682204,0.924061655450546,0.0056529247436041,0.0084309940089491,developmentally dynamic (strengthened),Y
IL2V,RIA,IL2V,RIA,1.3333333333333333,0.0,4.3478260869565215,3.1746031746031744,5.05050505050505,6.363636363636363,2.3784354404072,1.8585858585858583,0.0,0.8522983637551307,0.8696565534786727,0.0311125473142898,0.0243768916856907,developmentally dynamic (strengthened),Y
IL2V,RMED/V,IL2V,RMED/V,19.29724596391263,10.344827586206897,17.391304347826086,9.523809523809524,8.080808080808081,6.363636363636363,5.256417285721697,2.712096332785989,0.0,-0.7996784588787391,-0.9276336570439174,0.0561737562552902,0.0076658441874731,stable,Y
IL2V,RMEL/R,IL2V,RMEL/R,34.5982905982906,34.48275862068966,26.08695652173913,20.634920634920636,19.19191919191919,18.181818181818183,7.494328874030517,4.674069891461192,0.0,-0.8995759361088932,-0.9856107606091624,0.0146211009415837,0.0003090856678496,stable,Y
IL2V,IL2L/R,IL2V,IL2L/R,0.0,0.0,0.0,0.0,1.0101010101010102,0.9090909090909092,0.4965616566920076,0.0,0.0,0.9065186789054532,0.8231932086840424,0.0126996807974342,0.0441274153280589,variable,Y
IL2V,URYV,IL2V,URYV,0.0,0.0,0.0,0.0,1.0101010101010102,0.9090909090909092,0.4965616566920076,0.0,0.0,0.9065186789054532,0.8231932086840424,0.0126996807974342,0.0441274153280589,variable,Y
OLL,AVE,OLL,AVE,35.70925806219924,29.268292682926827,30.70866141732284,28.57142857142857,26.291079812206576,27.350427350427356,3.3381062937212675,1.679117033447742,21.62162162162162,-0.8702256171672612,-0.9276336570439174,0.024169295134254,0.0076658441874731,stable,Y
OLL,IL1D,OLL,IL1D,0.0,0.0,0.0,1.4285714285714286,0.9389671361502347,2.1367521367521367,0.9062831988569268,0.4694835680751174,0.0,0.772342638254499,0.8316554899054915,0.0718423129648957,0.0401243800094587,developmentally dynamic (strengthened),Y
OLL,IL1V,OLL,IL1V,0.0,0.0,0.0,0.7142857142857143,1.8779342723004693,1.282051282051282,0.7973498260309239,0.3571428571428571,2.702702702702702,0.9160932472742334,0.924061655450546,0.0102651485634534,0.0084309940089491,developmentally dynamic (strengthened),Y
OLL,RIB,OLL,RIB,20.54011348128995,14.634146341463412,17.322834645669293,16.428571428571427,11.267605633802818,11.538461538461538,3.5686491297882106,2.892186553603877,2.702702702702702,-0.9087427515327842,-0.8116794499134278,0.0121118381432336,0.0498575851013404,stable,Y
OLL,RMDD,OLL,RMDD,1.4285714285714286,7.317073170731707,10.236220472440944,9.285714285714286,10.328638497652582,11.11111111111111,3.6033192100614087,0.95890742530423,21.62162162162162,0.8145039115819792,0.9276336570439174,0.0484218494335926,0.0076658441874731,developmentally dynamic (strengthened),Y
OLL,RMDL/R,OLL,RMDL/R,0.4761904761904762,1.2195121951219512,1.574803149606299,1.4285714285714286,2.3474178403755865,3.418803418803419,1.0178045494772467,0.5639528226268177,5.405405405405405,0.9341038450562,0.9276336570439174,0.0063703843111272,0.0076658441874731,developmentally dynamic (strengthened),Y
OLL,SMDV,OLL,SMDV,14.166487107663578,10.975609756097562,6.299212598425196,7.142857142857142,6.103286384976526,5.555555555555555,3.442136108753999,0.8916139003751287,10.81081081081081,-0.8474938710743833,-0.9276336570439174,0.0331136761649828,0.0076658441874731,stable,Y
OLQD,IL2D,OLQD,IL2D,0.0,0.0,0.0,0.0,2.3255813953488373,2.3255813953488373,1.2009250685914472,0.0,0.0,0.90840007562782,0.840168050416806,0.0122015325213225,0.036277824521899,variable,Y
OLQD,RIC,OLQD,RIC,36.2962962962963,25.0,25.0,11.76470588235294,9.30232558139535,9.30232558139535,11.049134266302143,7.848837209302326,33.33333333333333,-0.915629587990164,-0.985184366143778,0.0103772598801037,0.0003276284717546,stable,Y
OLQD,RIH,OLQD,RIH,0.0,0.0,0.0,0.0,4.651162790697675,2.3255813953488373,1.9457209919397105,0.0,0.0,0.8410150486511415,0.8231932086840424,0.0359050532465131,0.0441274153280589,variable,Y
OLQD,RMH,OLQD,RMH,0.0,0.0,0.0,0.0,4.651162790697675,6.976744186046512,3.091070083314246,0.0,33.33333333333333,0.8823161508215711,0.8231932086840424,0.0199593019866484,0.0441274153280589,post-embryonic brain integration,Y
OLQV,RIC,OLQV,RIC,25.0,15.384615384615383,10.526315789473683,8.333333333333332,5.263157894736842,7.317073170731707,7.257844342559467,3.1397090286692326,14.285714285714285,-0.8803154305369163,-0.9856107606091624,0.0206293896572788,0.0003090856678496,variable,Y
OLQV,RMED/V,OLQV,RMED/V,0.0,0.0,0.0,0.0,2.631578947368421,4.878048780487805,2.0650173312857887,0.0,0.0,0.8529552361998216,0.8231932086840424,0.030843530948256,0.0441274153280589,variable,Y
OLQV,RMEL/R,OLQV,RMEL/R,0.0,0.0,0.0,4.166666666666666,5.263157894736842,2.4390243902439024,2.346594108038692,1.2195121951219512,0.0,0.7432007642735055,0.8316554899054915,0.0904513495897886,0.0401243800094587,variable,Y
PLN,RMG,PLN,RMG,0.0,0.0,0.0,0.0,10.344827586206897,7.6923076923076925,4.732103420514899,0.0,11.76470588235294,0.894015126642372,0.8231932086840424,0.0162539369789992,0.0441274153280589,post-embryonic brain integration,Y
PLN,SAAD,PLN,SAAD,0.0,0.0,0.0,0.0,27.58620689655172,46.15384615384615,19.924409259764808,0.0,47.05882352941176,0.8680595593947971,0.8231932086840424,0.024963991742721,0.0441274153280589,post-embryonic brain integration,Y
PLN,SAAV,PLN,SAAV,0.0,0.0,0.0,0.0,3.4482758620689653,2.564102564102564,1.5773678068382997,0.0,0.0,0.8940151266423721,0.8231932086840424,0.0162539369789992,0.0441274153280589,post-embryonic brain integration,Y
PLN,SMBV,PLN,SMBV,0.0,0.0,0.0,0.0,37.93103448275862,35.8974358974359,19.07327331370365,0.0,29.411764705882355,0.9078835990370372,0.8231932086840424,0.0123373232923522,0.0441274153280589,post-embryonic brain integration,Y
PLN,SMDV,PLN,SMDV,0.0,0.0,0.0,0.0,10.344827586206897,7.6923076923076925,4.732103420514899,0.0,0.0,0.894015126642372,0.8231932086840424,0.0162539369789992,0.0441274153280589,post-embryonic brain integration,Y
PVC,AVB,PVC,AVB,31.587301587301585,21.875,25.925925925925924,34.42622950819672,39.08045977011494,35.1063829787234,6.365288717868636,4.086655826670018,26.47058823529412,0.6560501381159808,0.8116794499134278,0.1571073676541192,0.0498575851013404,stable,Y
PVC,SIBV,PVC,SIBV,2.380952380952381,3.125,0.0,3.278688524590164,3.4482758620689653,6.382978723404255,2.052256676470924,0.5336617405582922,8.823529411764707,0.5918517160852922,0.8116794499134278,0.2158818371350552,0.0498575851013404,variable,Y
PVN,AVJ,PVN,AVJ,0.0,0.0,0.0,0.0,3.333333333333333,17.647058823529413,7.059277400078006,0.0,0.0,0.6970836324028562,0.8231932086840424,0.1237399392696299,0.0441274153280589,post-embryonic brain integration,Y
PVN,AVM,PVN,AVM,0.0,0.0,0.0,0.0,3.333333333333333,2.941176470588235,1.624810835902752,0.0,0.0,0.905750385757172,0.8231932086840424,0.0129058754971068,0.0441274153280589,post-embryonic brain integration,Y
PVN,BDU,PVN,BDU,0.0,0.0,0.0,0.0,26.666666666666668,41.17647058823529,18.107996184652823,0.0,0.0,0.8787534853601575,0.8231932086840424,0.0211598706000527,0.0441274153280589,post-embryonic brain integration,Y
PVN,PVN,PVN,PVN,0.0,0.0,0.0,0.0,6.666666666666667,11.76470588235294,5.024609436283025,0.0,0.0,0.8603732516799265,0.8231932086840424,0.0278823876385141,0.0441274153280589,post-embryonic brain integration,Y
PVN,RIF,PVN,RIF,0.0,0.0,0.0,0.0,6.666666666666667,5.88235294117647,3.249621671805504,0.0,0.0,0.905750385757172,0.8231932086840424,0.0129058754971068,0.0441274153280589,post-embryonic brain integration,Y
PVN,ALM,PVN,ALM,0.0,0.0,0.0,0.0,3.333333333333333,5.88235294117647,2.5123047181415123,0.0,0.0,0.8603732516799265,0.8231932086840424,0.0278823876385141,0.0441274153280589,post-embryonic brain integration,Y
PVP,AVB,PVP,AVB,20.70818070818071,18.181818181818183,26.190476190476197,37.5,35.483870967741936,36.76470588235294,8.580762608349177,6.295179362067408,37.83783783783784,0.8156403873165695,0.753702346348183,0.0478496498967347,0.0835232813732598,stable,Y
PVP,RIG,PVP,RIG,9.072039072039072,18.181818181818183,2.380952380952381,2.5,1.6129032258064515,1.4705882352941175,6.675956422689281,0.8987304599259062,10.81081081081081,-0.6391551079802332,-0.8696565534786727,0.1718209213599695,0.0243768916856907,variable,Y
PVP,RMF,PVP,RMF,0.0,0.0,0.0,0.0,1.6129032258064515,1.4705882352941175,0.7974250194832077,0.0,0.0,0.9069522542748258,0.8231932086840424,0.0125840262295732,0.0441274153280589,post-embryonic brain integration,Y
PVQ,ALA,PVQ,ALA,0.0,0.0,0.0,0.0,2.3255813953488373,3.636363636363636,1.5941980990705162,0.0,0.0,0.8771567561788263,0.8231932086840424,0.0217088131434064,0.0441274153280589,variable,Y
PVQ,HSN,PVQ,HSN,0.0,0.0,0.0,0.0,4.651162790697675,9.090909090909092,3.815857792725936,0.0,0.0,0.8446787465662783,0.8231932086840424,0.0343134989702623,0.0441274153280589,post-embryonic brain integration,Y
PVQ,ASE,PVQ,ASE,0.0,0.0,0.0,0.0,2.3255813953488373,3.636363636363636,1.5941980990705162,0.0,3.4482758620689653,0.8771567561788263,0.8231932086840424,0.0217088131434064,0.0441274153280589,variable,Y
PVR,CEPV,PVR,CEPV,7.037037037037037,3.7037037037037033,2.272727272727273,0.0,0.0,0.0,2.834697244929884,1.1363636363636365,9.090909090909092,-0.8710828125847243,-0.954863710632231,0.0238581831162071,0.0030099491928176,variable,Y
PVR,URYV,PVR,URYV,7.037037037037037,3.7037037037037033,2.272727272727273,0.0,0.0,0.0,2.834697244929884,1.1363636363636365,0.0,-0.8710828125847243,-0.954863710632231,0.0238581831162071,0.0030099491928176,variable,Y
PVT,RMF,PVT,RMF,0.0,0.0,0.0,18.91891891891892,19.402985074626866,10.256410256410255,9.44760821569888,5.128205128205128,41.66666666666667,0.7062721821488281,0.8316554899054915,0.1167432113131661,0.0401243800094587,post-embryonic brain integration,Y
RIA,SMBV,RIA,SMBV,0.0,0.0,0.0,0.0,0.425531914893617,0.1683501683501683,0.1735721953406682,0.0,0.0,0.8025121180169046,0.8231932086840424,0.0546510370818465,0.0441274153280589,variable,Y
RIB,RIA,RIB,RIA,12.260536398467432,11.627906976744184,9.433962264150944,9.30232558139535,4.651162790697675,7.6923076923076925,2.767053493379067,1.9677996422182464,17.391304347826086,-0.9257950391443098,-0.9856107606091624,0.0080552641076243,0.0003090856678496,stable,Y
RIB,RIH,RIB,RIH,0.0,0.0,0.0,0.0,1.162790697674419,0.9615384615384616,0.5521792022225326,0.0,4.3478260869565215,0.9023464158393796,0.8231932086840424,0.0138387105959125,0.0441274153280589,variable,Y
RIC,AIB,RIC,AIB,1.6666666666666667,0.0,1.7857142857142856,4.477611940298507,7.291666666666667,4.040404040404041,2.595032968701553,1.40547263681592,0.0,0.7903101008463702,0.8406680016960504,0.061344763605288,0.0360575728451591,variable,Y
RIC,URX,RIC,URX,0.0,0.0,0.0,0.0,1.0416666666666663,1.0101010101010102,0.5298581687860919,0.0,2.564102564102564,0.9082388641014012,0.8231932086840424,0.0122438398438112,0.0441274153280589,variable,Y
RIF,ASH,RIF,ASH,17.86731786731787,6.896551724137931,4.545454545454546,6.122448979591836,3.571428571428571,1.3333333333333337,5.801882721202975,1.6625615763546795,0.0,-0.8277634029773877,-0.9276336570439174,0.041943430352434,0.0076658441874731,developmentally dynamic (weakened),Y
RIF,AVF,RIF,AVF,0.0,0.0,0.0,4.081632653061225,7.142857142857142,1.3333333333333337,2.938528796228385,0.6666666666666667,0.0,0.6557052814793664,0.8316554899054915,0.1574021292534702,0.0401243800094587,post-embryonic brain integration,Y
RIF,AVJ,RIF,AVJ,25.244200244200243,17.24137931034483,15.909090909090908,14.285714285714285,5.952380952380952,6.666666666666667,7.196184670839743,5.287356321839081,11.11111111111111,-0.9862360972200496,-0.9856107606091624,0.0002828637781869,0.0003090856678496,stable,Y
RIF,HSN,RIF,HSN,0.0,0.0,0.0,0.0,2.380952380952381,2.666666666666667,1.3064176726064922,0.0,0.0,0.9062250357451456,0.8231932086840424,0.0127782993705698,0.0441274153280589,post-embryonic brain integration,Y
RIG,ALN,RIG,ALN,0.0,0.0,0.0,0.0,2.307692307692308,0.7299270072992701,0.9295571030512828,0.0,5.769230769230769,0.7664587808241954,0.8231932086840424,0.0754434072552528,0.0441274153280589,post-embryonic brain integration,Y
RIG,AVK,RIG,AVK,13.30115635997989,12.727272727272728,12.06896551724138,9.230769230769232,7.6923076923076925,5.839416058394161,3.023926328750125,2.364347169621003,17.307692307692307,-0.9443027230129816,-0.9856107606091624,0.0045668883207142,0.0003090856678496,stable,Y
RIG,OLQV,RIG,OLQV,6.336852689793866,5.454545454545454,3.4482758620689653,4.615384615384616,3.8461538461538463,2.18978102189781,1.4808285550321023,1.0031347962382444,1.9230769230769231,-0.8399098037797632,-0.7826908981308054,0.0363918409010409,0.065703848071589,stable,Y
RIG,PLN,RIG,PLN,0.0,0.0,0.0,0.0,1.5384615384615383,0.7299270072992701,0.6390711346249085,0.0,5.769230769230769,0.8325297771875659,0.8231932086840424,0.039720955287332,0.0441274153280589,post-embryonic brain integration,Y
RIG,RMF,RIG,RMF,0.0,0.0,0.0,6.153846153846154,6.923076923076923,7.2992700729927,3.738447599902624,3.076923076923077,3.8461538461538463,0.8675939742429587,0.924061655450546,0.025136404920838,0.0084309940089491,post-embryonic brain integration,Y
RIG,RMG,RIG,RMG,11.238813474107593,3.636363636363636,6.896551724137931,3.076923076923077,3.076923076923077,0.7299270072992701,3.733842526383938,1.453218314532183,0.0,-0.7985230688051141,-0.8970588235294118,0.0568001588253096,0.0153499007734581,stable,Y
RIG,URYV,RIG,URYV,6.211161387631976,7.272727272727272,5.172413793103448,3.076923076923077,1.5384615384615383,1.45985401459854,2.459631060029394,2.336349924585219,3.8461538461538463,-0.9128598702402944,-0.9276336570439174,0.0110592582946612,0.0076658441874731,developmentally dynamic (weakened),Y
RIH,AIY,RIH,AIY,0.0,0.0,0.0,0.0,1.8018018018018016,0.9523809523809524,0.7601664867024835,0.0,0.0,0.8497977320085929,0.8231932086840424,0.0321467462105195,0.0441274153280589,variable,Y
RIH,CEPV,RIH,CEPV,0.8547008547008547,0.0,0.0,2.3529411764705883,5.405405405405405,5.714285714285714,2.6048506809258267,1.6038210155857215,0.0,0.901947951775915,0.7941176470588236,0.0139499600363951,0.0592178913087725,variable,Y
RIH,IL1V,RIH,IL1V,0.0,0.0,0.0,1.1764705882352942,0.9009009009009008,1.9047619047619049,0.7976121443733439,0.4504504504504504,6.666666666666667,0.8029014150340967,0.8316554899054915,0.0544433499449872,0.0401243800094587,variable,Y
RIH,URYV,RIH,URYV,0.8547008547008547,0.0,1.3888888888888888,1.1764705882352942,1.8018018018018016,1.9047619047619049,0.7004886234250756,0.4735504735504736,0.0,0.7812238608124045,0.8696565534786727,0.0665588575426516,0.0243768916856907,variable,Y
RIM,AVA,RIM,AVA,1.4285714285714286,0.0,1.1494252873563218,1.5151515151515151,1.8404907975460123,1.675977653631285,0.6637683422883008,0.2632761831374816,0.0,0.5447631304683319,0.8116794499134278,0.2636891283995071,0.0498575851013404,variable,Y
RIM,AVB,RIM,AVB,10.681108508977362,9.45945945945946,9.195402298850574,9.848484848484848,7.361963190184049,8.379888268156424,1.1593130076979752,0.7342982901642117,25.0,-0.9098676179728228,-0.8116794499134278,0.0118196586261742,0.0498575851013404,stable,Y
RIM,AVE,RIM,AVE,0.0,0.0,0.0,0.7575757575757576,1.8404907975460123,0.5586592178770949,0.7228565452496376,0.2793296089385474,0.0,0.7627303880772528,0.8316554899054915,0.0777665350135199,0.0401243800094587,developmentally dynamic (strengthened),Y
RIM,RMF,RIM,RMF,0.0,0.0,0.0,4.545454545454546,4.9079754601227,4.46927374301676,2.546245915858356,2.23463687150838,1.4705882352941175,0.8369924022939897,0.8316554899054915,0.0376915390555362,0.0401243800094587,post-embryonic brain integration,Y
RIM,SAAD,RIM,SAAD,2.808352849336456,2.702702702702702,4.597701149425287,4.545454545454546,6.134969325153374,7.262569832402235,1.8013391079080254,1.6633082379084592,5.88235294117647,0.9485070532345564,0.8696565534786727,0.0039090179689523,0.0243768916856907,stable,Y
RIM,SMDD,RIM,SMDD,16.94184231069477,14.864864864864863,14.942528735632186,13.636363636363637,11.65644171779141,12.849162011173185,1.8497209982343197,1.0466833622295004,10.294117647058822,-0.9483289713309202,-0.9276336570439174,0.0039358646897738,0.0076658441874731,stable,Y
RIR,AVH,RIR,AVH,0.0,0.0,0.0,1.7543859649122806,2.5974025974025974,1.2658227848101269,1.1105930681272491,0.6329113924050633,0.0,0.792170172222287,0.8316554899054915,0.0603014344350936,0.0401243800094587,variable,Y
RIR,SMBV,RIR,SMBV,0.0,0.0,0.0,0.0,1.2987012987012987,2.5316455696202533,1.063070536839663,0.0,0.0,0.8450989360799674,0.8231932086840424,0.0341331350390121,0.0441274153280589,variable,Y
RIS,AVE,RIS,AVE,29.012345679012345,28.947368421052637,26.08695652173913,20.0,16.49484536082474,16.346153846153847,5.940257312896755,5.936378789162927,16.666666666666664,-0.9413573318774096,-0.9856107606091624,0.0050576088177982,0.0003090856678496,stable,Y
RIS,AVK,RIS,AVK,1.851851851851852,13.157894736842104,13.043478260869565,8.333333333333332,17.525773195876287,17.307692307692307,5.957571578881946,4.316046252928462,11.11111111111111,0.8445229558856588,0.753702346348183,0.0343804849279701,0.0835232813732598,developmentally dynamic (strengthened),Y
RIS,CEPV,RIS,CEPV,10.617283950617283,7.894736842105263,8.695652173913043,8.333333333333332,6.185567010309279,4.807692307692308,2.028853433120169,1.2550425818018822,5.555555555555555,-0.9314332986642192,-0.8116794499134278,0.0068909093093009,0.0498575851013404,stable,Y
RIS,RIM,RIS,RIM,6.172839506172839,13.157894736842104,15.217391304347828,21.666666666666668,17.525773195876287,16.346153846153847,5.17676008041608,2.183939229517091,27.77777777777778,0.647034925523629,0.8116794499134278,0.1648895546061674,0.0498575851013404,stable,Y
RIS,URYV,RIS,URYV,0.0,0.0,0.0,0.0,2.061855670103093,1.9230769230769231,1.0298406699785372,0.0,0.0,0.9075748925518504,0.8231932086840424,0.012418834588774,0.0441274153280589,variable,Y
RIV,BWM07V,RIV,BWM07V,0.0,5.88235294117647,2.3255813953488373,8.695652173913043,25.882352941176475,11.11111111111111,9.217690372490814,4.3927648578811365,7.6923076923076925,0.8266723077723491,0.9276336570439174,0.0424601357051488,0.0076658441874731,developmentally dynamic (strengthened),Y
RIV,BWM05V,RIV,BWM05V,0.0,5.88235294117647,4.651162790697675,10.144927536231885,12.941176470588236,8.080808080808081,4.51901553672271,2.746882372767105,0.0,0.8223782549327211,0.8406680016960504,0.0445222892506063,0.0360575728451591,developmentally dynamic (strengthened),Y
RIV,BWM06V,RIV,BWM06V,0.0,0.0,2.3255813953488373,7.246376811594203,3.5294117647058822,9.090909090909092,3.766611374368537,2.92749658002736,7.6923076923076925,0.7209304760516718,0.8823529411764706,0.105952759551606,0.0199470791776918,developmentally dynamic (strengthened),Y
RIV,GLRV,RIV,GLRV,20.654761904761905,7.84313725490196,6.976744186046512,5.797101449275362,0.0,0.0,7.569973794608366,3.92156862745098,0.0,-0.9175325299528804,-1.0,0.0099208995910117,0.0,developmentally dynamic (weakened),N
RIV,RMDD,RIV,RMDD,11.88095238095238,11.76470588235294,9.30232558139535,2.898550724637681,1.1764705882352942,4.040404040404041,4.71540475880726,4.433077578857629,0.0,-0.8585977800642013,-0.898645105261295,0.0285782421531513,0.0148886220055803,stable,Y
RIV,RMDV,RIV,RMDV,3.714285714285714,0.0,2.3255813953488373,4.3478260869565215,4.705882352941177,10.1010101010101,3.3612214537626475,1.1901504787961696,0.0,0.6846437585464357,0.8116794499134278,0.1334933189616109,0.0498575851013404,variable,Y
RIV,SAAD,RIV,SAAD,18.72619047619048,13.725490196078432,16.27906976744186,13.043478260869565,7.0588235294117645,6.0606060606060606,5.01825312085086,4.118145893342172,38.46153846153847,-0.9579226562038664,-0.9276336570439174,0.0026185052626211,0.0076658441874731,stable,Y
RIV,SIAV,RIV,SIAV,0.0,5.88235294117647,6.976744186046512,10.144927536231885,14.117647058823527,16.161616161616163,5.890969208725411,4.117647058823529,0.0,0.976371754206878,0.9856107606091624,0.0008308452449706,0.0003090856678496,developmentally dynamic (strengthened),Y
RIV,SMDV,RIV,SMDV,6.833333333333333,3.92156862745098,4.651162790697675,2.898550724637681,2.3529411764705883,3.0303030303030303,1.6314416403358138,0.8501898783228703,7.6923076923076925,-0.8367464695267064,-0.8406680016960504,0.0378020795172284,0.0360575728451591,stable,Y
RMDD,BWM05D,RMDD,BWM05D,1.0101010101010102,0.0,6.557377049180328,7.462686567164178,6.930693069306932,12.612612612612612,4.639027565305696,3.226292778531584,0.0,0.8244950046489664,0.8406680016960504,0.0435000523585893,0.0360575728451591,developmentally dynamic (strengthened),Y
RMDD,BWM07D,RMDD,BWM07D,0.0,0.0,0.0,1.4925373134328357,5.9405940594059405,3.603603603603604,2.457750917099028,0.7462686567164178,0.0,0.9017061094686556,0.924061655450546,0.0140176908773636,0.0084309940089491,developmentally dynamic (strengthened),Y
RMDD,RMDV,RMDD,RMDV,40.02970885323827,25.0,29.508196721311474,23.88059701492537,21.782178217821784,20.72072072072072,7.158996510918435,3.1888490381914334,100.0,-0.8286634983807146,-0.9276336570439174,0.0415194011515255,0.0076658441874731,stable,Y
RMDD,RMED/V,RMDD,RMED/V,0.0,0.0,0.0,0.0,0.99009900990099,5.405405405405405,2.162481176418681,0.0,0.0,0.693671736280757,0.8231932086840424,0.1263830442992654,0.0441274153280589,developmentally dynamic (strengthened),Y
RMDL/R,BWM08D,RMDL/R,BWM08D,0.0,0.0,0.0,0.0,3.4482758620689653,0.7142857142857143,1.3793469969326833,0.0,0.0,0.707813219553702,0.8231932086840424,0.1155872242456643,0.0441274153280589,developmentally dynamic (strengthened),Y
RMDL/R,BWM04V,RMDL/R,BWM04V,2.6455026455026456,1.6129032258064515,6.666666666666667,8.860759493670885,10.344827586206897,10.0,3.772571056277452,2.4087007129346727,0.0,0.8857134969272922,0.9276336570439174,0.0188457360378582,0.0076658441874731,developmentally dynamic (strengthened),Y
RMDL/R,BWM06V,RMDL/R,BWM06V,0.0,0.0,0.0,0.0,5.172413793103448,1.4285714285714286,2.0752114650876297,0.0,0.0,0.7460671782789384,0.8231932086840424,0.0885357843123252,0.0441274153280589,developmentally dynamic (strengthened),Y
RMDL/R,IL1L/R,RMDL/R,IL1L/R,11.03509092014839,8.064516129032258,4.0,6.329113924050633,3.4482758620689653,2.857142857142857,3.16543046705662,2.0118476024194054,6.666666666666667,-0.8898931522725055,-0.9276336570439174,0.0175178357041524,0.0076658441874731,stable,Y
RMDL/R,RIM,RMDL/R,RIM,0.0,0.0,0.0,0.0,1.7241379310344829,0.7142857142857143,0.7059561895550006,0.0,0.0,0.8101453486368477,0.8231932086840424,0.0506455475755823,0.0441274153280589,variable,Y
RMDL/R,RMDV,RMDL/R,RMDV,6.802286687344158,8.064516129032258,5.333333333333334,3.79746835443038,3.4482758620689653,2.142857142857143,2.224392659212985,1.6770054126375964,0.0,-0.8623606223478206,-0.9276336570439174,0.027113136062121,0.0076658441874731,stable,Y
RMDL/R,RMEL/R,RMDL/R,RMEL/R,0.0,0.0,1.3333333333333337,1.2658227848101269,1.7241379310344829,2.857142857142857,1.0883831724842363,0.8620689655172413,0.0,0.898258097260973,0.9117647058823528,0.0150005358419156,0.0113347242010991,developmentally dynamic (strengthened),Y
RMDL/R,RMH,RMDL/R,RMH,0.0,0.0,2.666666666666667,2.5316455696202533,3.4482758620689653,2.857142857142857,1.5177773977490163,0.5535532414624511,0.0,0.846738899766657,0.9117647058823528,0.033433474969379,0.0113347242010991,post-embryonic brain integration,Y
RMDV,BWM03V,RMDV,BWM03V,9.97961908777848,10.714285714285714,15.0,18.181818181818183,21.52777777777778,16.40625,4.421291527598022,3.733766233766235,14.285714285714285,0.8370585463025106,0.898645105261295,0.0376618349366788,0.0148886220055803,stable,Y
RMDV,BWM05V,RMDV,BWM05V,0.9803921568627452,0.0,2.5,11.363636363636363,11.11111111111111,14.84375,6.367294640218374,5.191622103386809,0.0,0.8661258550495314,0.8406680016960504,0.0256837646264912,0.0360575728451591,developmentally dynamic (strengthened),Y
RMDV,BWM07V,RMDV,BWM07V,0.0,0.0,0.0,1.1363636363636365,4.166666666666666,4.6875,2.19043254720156,0.5681818181818182,0.0,0.9403027434827588,0.924061655450546,0.0052392702333831,0.0084309940089491,developmentally dynamic (strengthened),Y
RMDV,BWM02V,RMDV,BWM02V,24.724154894932884,25.0,16.25,12.5,9.027777777777777,7.8125,7.549729582399487,5.954861111111112,0.0,-0.92807899613239,-0.9276336570439174,0.0075729357961971,0.0076658441874731,stable,Y
RMDV,BWM06V,RMDV,BWM06V,0.0,0.0,1.25,1.1363636363636365,2.7777777777777777,4.6875,1.809238597935308,1.1931818181818183,0.0,0.918007785382364,0.9117647058823528,0.0098084794027681,0.0113347242010991,developmentally dynamic (strengthened),Y
RMDV,RMDD,RMDV,RMDD,35.575233677700474,39.285714285714285,25.0,22.727272727272727,20.833333333333336,16.40625,8.901668578774967,5.243844696969696,28.57142857142857,-0.8584599821212138,-0.9276336570439174,0.0286325885922947,0.0076658441874731,stable,Y
RMDV,RMED/V,RMDV,RMED/V,0.0,0.0,0.0,2.272727272727273,4.166666666666666,3.125,1.846388554051225,1.1363636363636365,0.0,0.907789568874053,0.924061655450546,0.0123621236636017,0.0084309940089491,developmentally dynamic (strengthened),Y
RMDV,SMBV,RMDV,SMBV,0.0,0.0,1.25,0.0,2.7777777777777777,2.34375,1.2653578472551084,0.625,0.0,0.8916291039274835,0.8008534347238067,0.0169800091647933,0.0555400195809376,developmentally dynamic (strengthened),Y
RMED/V,BWM01V,RMED/V,BWM01V,20.511377844461112,19.607843137254903,25.454545454545453,22.857142857142858,26.38888888888889,25.58139534883721,2.861202011466926,1.8292979630188932,35.0,0.8266377277511789,0.8696565534786727,0.0424765599088497,0.0243768916856907,stable,Y
RMED/V,BWM05V,RMED/V,BWM05V,0.0,0.0,0.0,2.857142857142857,5.555555555555555,5.813953488372093,2.7963040112346573,1.4285714285714286,0.0,0.9383134785649472,0.924061655450546,0.0055904747839445,0.0084309940089491,developmentally dynamic (strengthened),Y
RMED/V,RMDV,RMED/V,RMDV,21.47036759189797,7.84313725490196,7.272727272727272,7.142857142857142,1.3888888888888888,1.162790697674419,7.38512862024551,3.227124183006536,15.0,-0.8933929229550952,-0.9856107606091624,0.0164418049274421,0.0003090856678496,developmentally dynamic (weakened),Y
RMEL/R,BWM04D,RMEL/R,BWM04D,0.0,0.0,0.0,6.0,25.49019607843137,10.0,9.988433654440165,3.0,6.666666666666667,0.8243627795328565,0.924061655450546,0.0435635832874498,0.0084309940089491,developmentally dynamic (strengthened),Y
RMEL/R,BWM04V,RMEL/R,BWM04V,0.0,0.0,4.166666666666666,6.0,19.607843137254903,12.857142857142856,7.748872321652288,5.083333333333333,0.0,0.9396409093103992,0.9705882352941178,0.0053548790252865,0.0012848565031548,developmentally dynamic (strengthened),Y
RMED/V,BWM03D,RMED/V,BWM03D,6.375968992248062,11.76470588235294,14.545454545454543,12.857142857142856,15.27777777777778,18.6046511627907,4.100590003041101,1.7565359477124192,25.0,0.8919684614878451,0.9276336570439174,0.0168758120109926,0.0076658441874731,stable,Y
RMED/V,BWM05D,RMED/V,BWM05D,0.0,0.0,0.0,0.0,5.555555555555555,4.651162790697675,2.6508362052936327,0.0,0.0,0.903097768580317,0.8231932086840424,0.0136301056477061,0.0441274153280589,developmentally dynamic (strengthened),Y
RMED/V,RMDD,RMED/V,RMDD,11.035258814703676,5.88235294117647,12.727272727272728,1.4285714285714286,0.0,1.162790697674419,5.450861404632785,3.0740668360367405,0.0,-0.7643088606977122,-0.8116794499134278,0.0767791114214717,0.0498575851013404,developmentally dynamic (weakened),Y
RMF,BAG,RMF,BAG,0.0,0.0,0.0,0.0,2.666666666666667,2.238805970149253,1.2737937811641329,0.0,0.0,0.9032610130511776,0.8231932086840424,0.0135849847978188,0.0441274153280589,post-embryonic brain integration,Y
RMF,BWM02D,RMF,BWM02D,0.0,0.0,0.0,0.0,8.0,13.432835820895525,5.7944801832472175,0.0,7.894736842105263,0.8675543414408171,0.8231932086840424,0.025151107605317,0.0441274153280589,post-embryonic brain integration,Y
RMF,BWM04D,RMF,BWM04D,0.0,0.0,0.0,0.0,2.666666666666667,6.7164179104477615,2.740352822612962,0.0,2.631578947368421,0.8031019510430013,0.8231932086840424,0.054336507880749,0.0441274153280589,post-embryonic brain integration,Y
RMF,BWM02V,RMF,BWM02V,0.0,0.0,0.0,0.0,2.666666666666667,8.208955223880597,3.3101318723306434,0.0,2.631578947368421,0.7706201069431449,0.8231932086840424,0.0728882759495714,0.0441274153280589,post-embryonic brain integration,Y
RMF,BWM04V,RMF,BWM04V,0.0,0.0,0.0,0.0,4.0,5.970149253731343,2.648598475479021,0.0,2.631578947368421,0.882911283760811,0.8231932086840424,0.0197620216692802,0.0441274153280589,post-embryonic brain integration,Y
RMF,RIM,RMF,RIM,0.0,0.0,0.0,0.0,2.666666666666667,0.7462686567164178,1.070203105225898,0.0,0.0,0.7479858526096775,0.8231932086840424,0.0872638440278365,0.0441274153280589,post-embryonic brain integration,Y
RMF,RMH,RMF,RMH,0.0,0.0,0.0,0.0,6.666666666666667,8.208955223880597,3.871710282042451,0.0,10.526315789473683,0.9011639526664508,0.8231932086840424,0.0141701032393579,0.0441274153280589,post-embryonic brain integration,Y
RMF,AIB,RMF,AIB,0.0,0.0,0.0,0.0,5.333333333333334,0.7462686567164178,2.137339528145788,0.0,0.0,0.6671648589031416,0.8231932086840424,0.1477332362084147,0.0441274153280589,post-embryonic brain integration,Y
RMF,CEPD,RMF,CEPD,0.0,0.0,0.0,0.0,2.666666666666667,0.7462686567164178,1.070203105225898,0.0,0.0,0.7479858526096775,0.8231932086840424,0.0872638440278365,0.0441274153280589,post-embryonic brain integration,Y
RMF,IL1L/R,RMF,IL1L/R,0.0,0.0,0.0,0.0,1.3333333333333337,0.7462686567164178,0.5681380019452945,0.0,0.0,0.8585348263274548,0.8231932086840424,0.0286030645505461,0.0441274153280589,post-embryonic brain integration,Y
RMF,RMG,RMF,RMG,0.0,0.0,0.0,0.0,1.3333333333333337,0.7462686567164178,0.5681380019452945,0.0,10.526315789473683,0.8585348263274548,0.8231932086840424,0.0286030645505461,0.0441274153280589,post-embryonic brain integration,Y
RMG,AIM,RMG,AIM,0.0,0.0,0.0,0.0,0.7936507936507936,3.488372093023256,1.3958988579391602,0.0,0.0,0.719492985796788,0.8231932086840424,0.1069905446237074,0.0441274153280589,developmentally dynamic (strengthened),Y
RMG,ALM,RMG,ALM,0.0,0.0,0.0,0.0,0.7936507936507936,1.162790697674419,0.5184630949317208,0.0,0.0,0.8850759679693257,0.8231932086840424,0.0190523682265715,0.0441274153280589,variable,Y
RMG,AVA,RMG,AVA,0.0,0.0,0.0,0.0,0.7936507936507936,1.162790697674419,0.5184630949317208,0.0,0.0,0.8850759679693257,0.8231932086840424,0.0190523682265715,0.0441274153280589,variable,Y
RMG,BWM06D,RMG,BWM06D,1.96078431372549,3.8461538461538463,3.8461538461538463,6.349206349206349,10.317460317460316,8.13953488372093,3.115694422245866,2.1466905187835423,10.0,0.9564271153777456,0.9705882352941178,0.0028065307532541,0.0012848565031548,developmentally dynamic (strengthened),Y
RMG,BWM08D,RMG,BWM08D,0.0,0.0,1.9230769230769231,6.349206349206349,6.349206349206349,4.651162790697675,2.968182188492295,3.06208649231905,0.0,0.7993058938484784,0.8508410434878082,0.0563753952946367,0.0317133178221968,developmentally dynamic (strengthened),Y
RMG,RMDL/R,RMG,RMDL/R,53.10457516339869,46.15384615384615,32.69230769230769,19.047619047619047,12.698412698412698,20.930232558139537,16.124569668856765,10.938254252207742,30.0,-0.8921913021063277,-0.898645105261295,0.0168075581088141,0.0148886220055803,stable,Y
RMG,SIAD,RMG,SIAD,0.0,0.0,0.0,0.0,1.5873015873015872,1.162790697674419,0.7226489151726272,0.0,20.0,0.8925888240890688,0.8231932086840424,0.0166861310665557,0.0441274153280589,variable,Y
RMG,URX,RMG,URX,0.0,0.0,0.0,0.0,1.5873015873015872,2.3255813953488373,1.0369261898634416,0.0,0.0,0.8850759679693257,0.8231932086840424,0.0190523682265715,0.0441274153280589,variable,Y
RMH,RMF,RMH,RMF,0.0,0.0,0.0,0.0,7.6923076923076925,18.51851851851852,7.584271759962548,0.0,3.333333333333333,0.8105846155028067,0.8231932086840424,0.0504193414497533,0.0441274153280589,post-embryonic brain integration,Y
SAAD,RIM,SAAD,RIM,56.90476190476191,55.172413793103445,53.333333333333336,43.75,45.33333333333333,43.66197183098591,6.0989303076588905,5.627347417840372,30.0,-0.8495424830884641,-0.898645105261295,0.0322532082517412,0.0148886220055803,stable,Y
SAAD,RMF,SAAD,RMF,0.0,0.0,0.0,6.25,2.666666666666667,7.042253521126761,3.265550188667752,1.3333333333333337,0.0,0.6686152449292484,0.8316554899054915,0.1465281335859096,0.0401243800094587,post-embryonic brain integration,Y
SAAV,AIB,SAAV,AIB,0.0,0.0,0.0,0.0,0.9433962264150944,1.0416666666666663,0.5134822495231934,0.0,3.0303030303030303,0.9067349756570972,0.8231932086840424,0.0126419205477159,0.0441274153280589,variable,Y
SAAV,RIM,SAAV,RIM,46.94444444444444,46.42857142857143,45.614035087719294,30.76923076923077,39.62264150943396,41.66666666666667,6.145930864532938,3.0461570593149467,27.27272727272727,-0.4174138242183013,-0.8116794499134278,0.4102431665444035,0.0498575851013404,stable,Y
SDQ,AIB,SDQ,AIB,0.0,0.0,0.0,4.166666666666666,2.564102564102564,10.81081081081081,4.231426671899187,1.282051282051282,3.333333333333333,0.7265912625059681,0.8316554899054915,0.1019095354642726,0.0401243800094587,post-embryonic brain integration,Y
SDQ,AVA,SDQ,AVA,0.0,0.0,0.0,12.5,10.256410256410255,16.216216216216218,7.365668342923499,5.128205128205128,6.666666666666667,0.8175060562648672,0.8316554899054915,0.0469171664946697,0.0401243800094587,post-embryonic brain integration,Y
SDQ,AVB,SDQ,AVB,0.0,20.0,25.0,25.0,33.33333333333333,29.72972972972973,11.78138205497502,4.864864864864865,26.666666666666668,0.8715896516200846,0.9705882352941178,0.0236751332701714,0.0012848565031548,post-embryonic brain integration,Y
SDQ,FLP,SDQ,FLP,0.0,0.0,0.0,0.0,2.564102564102564,2.702702702702702,1.3605893996372225,0.0,3.333333333333333,0.9079286284501644,0.8231932086840424,0.0123254553522653,0.0441274153280589,post-embryonic brain integration,Y
SDQ,RIS,SDQ,RIS,0.0,0.0,0.0,0.0,5.128205128205128,2.702702702702702,2.162524920555457,0.0,10.0,0.8493418497458394,0.8231932086840424,0.0323370071819918,0.0441274153280589,post-embryonic brain integration,Y
SDQ,SDQ,SDQ,SDQ,0.0,0.0,0.0,4.166666666666666,7.6923076923076925,2.702702702702702,3.1143828977401515,1.351351351351351,0.0,0.7627795831459927,0.8316554899054915,0.0777356745903539,0.0401243800094587,post-embryonic brain integration,Y
SMBD,BWM01D,SMBD,BWM01D,15.162655971479502,12.12121212121212,12.5,10.526315789473683,3.0303030303030303,8.333333333333332,4.208730777275206,2.083333333333334,11.76470588235294,-0.9061270885637248,-0.9276336570439174,0.0128045754077721,0.0076658441874731,stable,Y
SMBD,BWM02D,SMBD,BWM02D,6.064319667260844,6.0606060606060606,6.25,5.263157894736842,3.0303030303030303,4.761904761904762,1.2235075442157808,0.4952778559589714,5.88235294117647,-0.8299274759145187,-0.8116794499134278,0.0409273499126791,0.0498575851013404,stable,Y
SMBD,BWM06D,SMBD,BWM06D,0.0,0.0,0.0,0.0,3.0303030303030303,3.571428571428571,1.7131274600992052,0.0,0.0,0.9038569867232946,0.8231932086840424,0.0134208705406846,0.0441274153280589,developmentally dynamic (strengthened),Y
SMBD,BWM07D,SMBD,BWM07D,0.0,0.0,0.0,3.508771929824561,6.0606060606060606,3.571428571428571,2.5697235442291877,1.7543859649122806,5.88235294117647,0.858655821662287,0.924061655450546,0.0285553656362402,0.0084309940089491,developmentally dynamic (strengthened),Y
SMBV,BWM01V,SMBV,BWM01V,10.929510155316606,15.151515151515152,9.433962264150944,8.333333333333332,6.25,8.75,3.02999053435498,1.298088410991637,15.789473684210526,-0.6764796489202544,-0.8406680016960504,0.1400674300262363,0.0360575728451591,stable,Y
SMBV,BWM05V,SMBV,BWM05V,2.150537634408602,6.0606060606060606,3.7735849056603774,8.333333333333332,17.5,13.750000000000002,5.952172883106041,4.234908426935206,7.894736842105263,0.9421498889740394,0.9276336570439174,0.0049231514054174,0.0076658441874731,developmentally dynamic (strengthened),Y
SMBV,BWM06V,SMBV,BWM06V,0.0,0.0,1.8867924528301887,1.6666666666666667,5.0,2.5,1.8560497723267035,1.25,2.631578947368421,0.8749139623878399,0.9117647058823528,0.0224911948134493,0.0113347242010991,developmentally dynamic (strengthened),Y
SMBV,BWM07V,SMBV,BWM07V,1.075268817204301,3.0303030303030303,1.8867924528301887,6.666666666666667,8.75,7.5,3.22078223771853,2.806603773584905,5.263157894736842,0.9044349110133768,0.9276336570439174,0.013262646363259,0.0076658441874731,developmentally dynamic (strengthened),Y
SMBV,BWM08V,SMBV,BWM08V,0.0,0.0,0.0,1.6666666666666667,2.5,1.25,1.0677295052101428,0.625,0.0,0.8003324404355424,0.8316554899054915,0.055820614803149,0.0401243800094587,variable,Y
SMBV,PLN,SMBV,PLN,0.0,0.0,0.0,0.0,3.75,6.25,2.7003086243366083,0.0,2.631578947368421,0.8685966072895177,0.8231932086840424,0.0247658159818638,0.0441274153280589,post-embryonic brain integration,Y
SMBV,SAAD,SMBV,SAAD,20.783751493428912,33.33333333333333,30.18867924528302,18.33333333333333,17.5,15.0,7.456947029636346,3.3085424133811223,21.052631578947366,-0.5800680174778572,-0.8116794499134278,0.2274882994276465,0.0498575851013404,stable,Y
SMDD,BWM01D,SMDD,BWM01D,9.870595354466325,10.714285714285714,8.88888888888889,4.545454545454546,4.918032786885246,2.73972602739726,3.28925713542356,2.6625704045058884,9.090909090909092,-0.8543672880023265,-0.8406680016960504,0.0302689763538516,0.0360575728451591,stable,Y
SMDD,BWM07D,SMDD,BWM07D,0.0,0.0,0.0,0.0,3.278688524590164,2.73972602739726,1.5632665496675993,0.0,0.0,0.9029851246238616,0.8231932086840424,0.0136612825905529,0.0441274153280589,variable,Y
SMDV,BWM01V,SMDV,BWM01V,13.271604938271604,9.090909090909092,9.090909090909092,7.142857142857142,4.477611940298507,3.278688524590164,3.6097187085218874,2.3066485753052923,10.714285714285714,-0.9719621048478564,-0.9705882352941178,0.0011681647218039,0.0012848565031548,stable,Y
SMDV,BWM05V,SMDV,BWM05V,0.0,0.0,3.0303030303030303,2.380952380952381,4.477611940298507,4.918032786885246,2.1235352877528046,1.9921946579641712,3.571428571428571,0.9375820968403265,0.9117647058823528,0.0057224020443612,0.0113347242010991,developmentally dynamic (strengthened),Y
SMDV,SMDD,SMDV,SMDD,17.824074074074073,18.181818181818183,9.090909090909092,19.047619047619047,22.388059701492537,22.950819672131143,4.978602239200812,2.281992813709232,21.428571428571427,0.5456592210628031,0.8116794499134278,0.2627445440162486,0.0498575851013404,stable,Y
SMDV,RIS,SMDV,RIS,0.0,0.0,0.0,0.0,1.4925373134328357,1.639344262295082,0.8099798608498587,0.0,0.0,0.9069067687615122,0.8231932086840424,0.0125961353052132,0.0441274153280589,variable,Y
URAD,BWM03D,URAD,BWM03D,0.0,0.0,2.5,0.0,14.000000000000002,10.9375,6.267527506255292,1.25,0.0,0.9099299069320156,0.8008534347238067,0.0118035802037047,0.0555400195809376,developmentally dynamic (strengthened),Y
URAD,BWM04D,URAD,BWM04D,0.0,0.0,0.0,0.0,8.0,3.125,3.2600006390592418,0.0,0.0,0.8004125078427607,0.8231932086840424,0.0557774499952703,0.0441274153280589,developmentally dynamic (strengthened),Y
URAD,RMEL/R,URAD,RMEL/R,23.28173374613003,10.714285714285714,12.5,12.903225806451612,8.0,6.25,5.976714137530505,2.451612903225806,25.0,-0.8541322876150064,-0.753702346348183,0.0303642422075037,0.0835232813732598,stable,Y
URAV,BWM03V,URAV,BWM03V,0.0,0.0,2.631578947368421,0.0,3.333333333333333,5.084745762711865,2.1698756274357067,1.3157894736842104,0.0,0.8390940551546757,0.8008534347238067,0.0367530989993634,0.0555400195809376,developmentally dynamic (strengthened),Y
URAV,GLRL/R,URAV,GLRL/R,0.0,0.0,0.0,0.0,1.6666666666666667,1.694915254237288,0.8680026875917657,0.0,0.0,0.9083519684364768,0.8231932086840424,0.0122141500515878,0.0441274153280589,variable,N
URAV,RIP,URAV,RIP,22.387989012029934,29.411764705882355,21.052631578947366,12.195121951219512,11.666666666666666,8.47457627118644,8.025280191102249,5.360661172681634,7.142857142857142,-0.8087906646382694,-0.9276336570439174,0.0513461116898278,0.0076658441874731,stable,Y
URAV,RMED/V,URAV,RMED/V,15.492090556029174,8.823529411764707,13.157894736842104,9.75609756097561,8.333333333333332,8.47457627118644,2.9653564421246803,0.8858586841102714,28.57142857142857,-0.7441155040898544,-0.8116794499134278,0.0898380542625847,0.0498575851013404,stable,Y
URB,ADA,URB,ADA,1.96078431372549,3.571428571428571,2.4390243902439024,2.702702702702702,8.045977011494253,12.5,4.2046108572485945,0.9371612850809408,0.0,0.8666053435071446,0.8116794499134278,0.0255043803496099,0.0498575851013404,developmentally dynamic (strengthened),Y
URB,AVB,URB,AVB,0.0,0.0,0.0,0.0,6.896551724137931,4.6875,3.0714830145211405,0.0,20.0,0.8845938225858084,0.8231932086840424,0.0192093551410083,0.0441274153280589,developmentally dynamic (strengthened),Y
URB,AVD,URB,AVD,0.0,0.0,0.0,0.0,2.2988505747126435,1.5625,1.023827671507047,0.0,0.0,0.8845938225858084,0.8231932086840424,0.0192093551410083,0.0441274153280589,variable,Y
URB,BWM04D,URB,BWM04D,4.044117647058823,10.714285714285714,2.4390243902439024,0.0,0.0,0.0,4.190649727069859,1.2195121951219512,0.0,-0.6296990322838227,-0.8932596002688613,0.1802958560303887,0.0164821953396456,variable,Y
URB,CEPD,URB,CEPD,11.597007223942208,10.714285714285714,9.75609756097561,10.81081081081081,4.597701149425287,6.25,2.8447901482706675,0.968717379745848,0.0,-0.9342927135587356,-0.8116794499134278,0.0063343273577028,0.0498575851013404,stable,Y
URB,IL1L/R,URB,IL1L/R,22.742518059855524,14.285714285714285,9.75609756097561,10.81081081081081,2.2988505747126435,6.25,7.050316025819601,4.017857142857142,0.0,-0.9346222071593114,-0.9276336570439174,0.0062716629900669,0.0076658441874731,stable,Y
URB,SDQ,URB,SDQ,0.0,0.0,0.0,0.0,1.1494252873563218,1.5625,0.7122960452668143,0.0,0.0,0.8929943677960916,0.8231932086840424,0.0165626897552919,0.0441274153280589,post-embryonic brain integration,Y
URB,SMBD,URB,SMBD,0.0,0.0,0.0,0.0,2.2988505747126435,1.5625,1.023827671507047,0.0,0.0,0.8845938225858084,0.8231932086840424,0.0192093551410083,0.0441274153280589,variable,Y
URYD,AVB,URYD,AVB,0.0,0.0,0.0,0.0,3.125,2.8301886792452837,1.5404467485695807,0.0,20.0,0.906734975657097,0.8231932086840424,0.012641920547716,0.0441274153280589,variable,Y
URYD,AVD,URYD,AVD,0.0,0.0,0.0,0.0,2.083333333333333,3.7735849056603774,1.6039309383488276,0.0,20.0,0.8564756671964031,0.8231932086840424,0.0294206054943605,0.0441274153280589,developmentally dynamic (strengthened),Y
URYD,BWM03D,URYD,BWM03D,0.0,0.0,2.083333333333333,3.8461538461538463,3.125,3.7735849056603774,1.7726913430900848,1.205702709240445,0.0,0.8115512151385456,0.7941176470588236,0.0499232311532146,0.0592178913087725,developmentally dynamic (strengthened),Y
URYD,IL1D,URYD,IL1D,1.5151515151515154,0.0,4.166666666666666,7.6923076923076925,11.458333333333332,10.37735849056604,4.715707535946619,4.4311034877072615,0.0,0.926001169655908,0.9276336570439174,0.0080111379458423,0.0076658441874731,developmentally dynamic (strengthened),Y
URYD,RIB,URYD,RIB,18.01346801346801,15.789473684210526,10.416666666666668,9.615384615384617,5.208333333333334,5.660377358490567,5.218431526651461,4.5816702951136925,0.0,-0.9643122528810876,-0.9856107606091624,0.001887696711358,0.0003090856678496,stable,Y
URYD,RMDV,URYD,RMDV,12.457912457912457,15.789473684210526,10.416666666666668,26.923076923076923,29.166666666666668,30.18867924528302,8.923525161076629,8.32139765233112,0.0,0.844082587990394,0.8116794499134278,0.0345701642478812,0.0498575851013404,stable,Y
URYD,SMDD,URYD,SMDD,30.808080808080803,31.57894736842105,25.0,11.538461538461538,7.291666666666667,10.37735849056604,10.951240510751962,9.434718190614417,0.0,-0.8933051253819708,-0.9276336570439174,0.0164683980467959,0.0076658441874731,stable,Y
URYV,AVB,URYV,AVB,0.0,0.0,0.0,1.9230769230769231,2.898550724637681,5.607476635514018,2.2545914344493245,0.9615384615384616,0.0,0.8720897707859723,0.924061655450546,0.0234951687662869,0.0084309940089491,developmentally dynamic (strengthened),Y
URYV,AVE,URYV,AVE,30.511463844797174,26.923076923076923,22.857142857142858,19.230769230769237,15.942028985507244,15.887850467289718,5.984521845319332,5.1290163175575625,16.666666666666664,-0.9605789693961144,-0.9856107606091624,0.0023003959920625,0.0003090856678496,stable,Y
URYV,BWM03V,URYV,BWM03V,0.0,0.0,0.0,0.0,2.898550724637681,2.803738317757009,1.4726299469942046,0.0,5.555555555555555,0.9082117821547506,0.8231932086840424,0.0122509540042645,0.0441274153280589,developmentally dynamic (strengthened),Y
URYV,BWM05V,URYV,BWM05V,0.0,0.0,0.0,0.0,2.898550724637681,0.9345794392523364,1.1684366098352892,0.0,0.0,0.7694491838059014,0.8231932086840424,0.0736032062506119,0.0441274153280589,variable,Y
URYV,SIBV,URYV,SIBV,0.0,0.0,0.0,1.9230769230769231,2.898550724637681,5.607476635514018,2.2545914344493245,0.9615384615384616,0.0,0.8720897707859723,0.924061655450546,0.0234951687662869,0.0084309940089491,developmentally dynamic (strengthened),Y
URYV,SMDV,URYV,SMDV,21.34038800705467,15.384615384615383,22.857142857142858,11.538461538461538,8.695652173913043,9.345794392523365,6.093655857560359,4.440815178320258,11.11111111111111,-0.8074525414277707,-0.8116794499134278,0.052042483035951,0.0498575851013404,stable,Y
URYV,SIBD,URYV,SIBD,0.0,0.0,0.0,0.0,1.4492753623188406,0.9345794392523364,0.6366648283466938,0.0,0.0,0.8782142364407771,0.8231932086840424,0.0213445089570504,0.0441274153280589,variable,Y
