Pre Class,Post Class,Pre,Post,Early L1,Late L1,L2,L3,adult_SEM,standard deviation,median absolute deviation,Pearson's correlation,Spearman's correlation,Pearson pvalue,Spearman pvalue,classification,nondauer contact
AWB,ADF,AWB,ADF,30.78262846420303,33.71349595418746,53.49853393802931,42.11576141156988,52.05543174665661,10.33076451620071,9.939670335086731,0.771041997612456,0.7,0.12689933833978445,0.1881204043741873,stable,Y
AVH,ADF,AVH,ADF,15.69162809909587,9.83745080243241,19.732163179713357,30.569409008584138,11.871231062596529,8.207492947021588,4.040535080617486,-0.022498216524293346,0.19999999999999998,0.9713567978097195,0.747060078104662,stable,Y
AWA,ADL,AWA,ADL,17.236627697394994,9.904027321876473,5.857871649014674,2.2323714212466426,2.387981911806093,6.268087130255426,3.6255002277680317,-0.8468055824125483,-0.8999999999999998,0.07030043673968983,0.03738607346849874,developmentally dynamic (weakened),Y
AVH,ADL,AVH,ADL,12.155442710041228,2.297973328006462,1.8028176722052445,0.5977572557446453,3.7806148111914544,4.630836625922308,1.4826414831849926,-0.5146421585079305,-0.39999999999999997,0.3749367626726418,0.5046315754686911,variable,Y
ASE,AFD,ASE,AFD,3.4735715777449285,3.321076463616326,4.219009401000619,2.8594341771055665,2.6676207330880355,0.6059743953830875,0.46164228651075945,-0.5447650457589539,-0.7,0.34240823138506604,0.1881204043741873,stable,Y
AIN,AFD,AIN,AFD,25.520974201652937,30.117002528715105,40.577456071159105,15.22769529739329,27.291311363490884,9.11226300298504,2.825691165224221,-0.060739963421839724,-0.09999999999999999,0.9227110564720012,0.8728885715695383,stable,Y
BDU,ALM,BDU,ALM,13.9979851323414,3.984252900160781,6.5522839796080286,5.348324132980172,6.584361691919635,3.896704528284716,1.203959846627857,-0.4911745976983295,-0.09999999999999999,0.4007620217989788,0.8728885715695383,stable,Y
RIF,ALM,RIF,ALM,1.279863761726549,2.7505010394927183,4.857069023600501,0.6906265121396977,4.527498812303856,1.869242989077444,1.7769977728111375,0.5301826467074509,0.19999999999999998,0.35806504940105865,0.747060078104662,variable,Y
AWA,ASE,AWA,ASE,14.12186437093076,17.347306558654253,8.076285036067969,13.494637424422647,14.281029538378112,3.3618746094169074,0.6272269465081131,-0.0762871610614095,-0.09999999999999999,0.902962465716705,0.8728885715695383,stable,Y
AWC,ASE,AWC,ASE,3.502952926936981,10.534616673032659,4.5077579077983145,1.6578668073957668,1.8904881392548367,3.6147273717316377,1.6124647876821443,-0.43049349540617815,-0.6,0.4693136518805685,0.28475697986529375,stable,Y
ASI,ASG,ASI,ASG,3.1420947715561773,9.476681651146235,4.248334689657391,11.370511919097956,7.434101283051829,3.4564657665347047,3.1857665933944386,0.3571751606746787,0.49999999999999994,0.5550939609126156,0.39100221895577053,developmentally dynamic (strengthened),Y
AIM,ASG,AIM,ASG,19.293226525027844,21.648556453403486,10.258766513404547,12.86302212865658,17.71440961899123,4.686706731528944,3.9341468344122568,-0.21904942831382757,-0.49999999999999994,0.723344353240639,0.39100221895577053,stable,Y
ADL,ASH,ADL,ASH,0.4243798640729037,5.020598501292038,4.11351053897473,2.655730552463056,4.085786872932321,1.7969414572332234,0.934811628359717,0.4996755886430349,0.09999999999999999,0.39135997233705183,0.8728885715695383,developmentally dynamic (strengthened),Y
RIF,ASH,RIF,ASH,10.54488539731679,3.119000207602714,6.170469235630302,4.205482782669548,0.19263804756175382,3.849612978960658,1.964986452960754,-0.8573541345640258,-0.7,0.06327101419773269,0.1881204043741873,developmentally dynamic (weakened),Y
PVQ,ASJ,PVQ,ASJ,5.0164551468702525,8.072008911174102,4.251762487611962,1.1953040566654063,1.795744361823791,2.7559451927181033,2.456018125788171,-0.6378034112915321,-0.7999999999999999,0.24695610214474922,0.10408803866182788,stable,Y
ADL,ASK,ADL,ASK,19.87562969317585,16.511137399816274,5.843176098879017,2.3519667978058147,1.8092304004372357,8.369266723840964,4.033945698441781,-0.8467980157878816,-0.9999999999999999,0.07030556121361338,1.4042654220543672e-24,developmentally dynamic (weakened),Y
ASJ,ASK,ASJ,ASK,6.5819226816226575,8.337916923197268,8.866059365529445,4.737996221624423,7.913963826471229,1.6572183886936847,0.9520955390582158,0.1123074980631706,-0.09999999999999999,0.8573068209218458,0.8728885715695383,stable,Y
AIA,ASK,AIA,ASK,16.273666302538683,9.800129620992308,11.738742667823317,6.042500994800182,3.3656964798384434,5.013805517761297,3.757628626192126,-0.9102647665420684,-0.8999999999999998,0.03183058351864189,0.03738607346849874,stable,Y
AIM,ASK,AIM,ASK,4.156636908117302,9.813371729228203,7.868086647245058,5.255199015269549,9.509566085601223,2.5289211492989625,1.9452850819831449,0.5424512236315469,0.3,0.3448809652130649,0.6238376647810728,stable,Y
PVQ,ASK,PVQ,ASK,18.175368290558087,38.62571524943849,22.976408079079604,13.004062287912976,14.824611041036867,10.286673427135225,4.801039788521518,-0.39196278500497794,-0.6,0.514028354924344,0.28475697986529375,stable,Y
ADF,AUA,ADF,AUA,6.733674422013574,8.739881808443592,5.453698726785839,6.781729947023775,1.747294610384909,2.597169324984898,1.2799756952277352,-0.8218709976560941,-0.49999999999999994,0.08779652960439412,0.39100221895577053,stable,Y
URX,AUA,URX,AUA,12.442633185652047,7.1845847102795135,12.728748377300796,12.803376387264285,15.328749316942133,2.9830169973493854,0.286115191648749,0.5863035874898022,0.8999999999999998,0.29879654471379863,0.03738607346849874,stable,Y
AIN,AUA,AIN,AUA,16.366063334068528,13.23258696485233,18.080889423723292,16.269196691972724,4.720490472461312,5.332569648840059,1.8116927317505684,-0.7752615651040249,-0.49999999999999994,0.12349198863950138,0.39100221895577053,stable,Y
AWA,AWB,AWA,AWB,26.11095685327447,24.981335750083225,16.691793265564506,24.764438022695458,11.310187829364933,6.487227938790528,1.3465188305790114,-0.8425949226113927,-0.8999999999999998,0.0731699262529033,0.03738607346849874,stable,Y
AVH,AWB,AVH,AWB,11.234975896453877,28.47817213032886,23.410584865366413,15.720064400527134,7.702461381298935,8.568602759663587,7.690520464839279,-0.3984119636637608,-0.39999999999999997,0.5064854234398635,0.5046315754686911,stable,Y
ADL,AWC,ADL,AWC,6.558246243858797,4.961024057312315,9.902899222793122,8.966086557626298,6.609580193929701,1.9999404487328363,1.648556136617386,0.13146057765987962,0.49999999999999994,0.8331025607567045,0.39100221895577053,stable,Y
ASE,AWC,ASE,AWC,6.017267169353693,5.721005431355804,6.785927294348356,8.966582749183782,7.682571530779722,1.320488481242379,0.8966442364313654,0.5998377752900627,0.7999999999999999,0.28492223316155857,0.10408803866182788,stable,Y
ASI,AWC,ASI,AWC,40.616777242042645,44.31233658083302,38.0564535877451,37.245180435717074,32.11343255173655,4.494960950931614,2.560323654297548,-0.8492590685869534,-0.8999999999999998,0.06864496129552865,0.03738607346849874,stable,Y
AWC,AWC,AWC,AWC,9.627280847406624,12.48126437568866,19.39426013200776,16.827533913645848,11.758011642470674,3.985761273181995,2.8539835282820363,0.16020933154256659,0.3,0.7968911486786374,0.6238376647810728,stable,Y
AIA,AWC,AIA,AWC,3.514575549476286,9.099474279907408,15.20789095624461,15.82164489510113,17.484773240076013,5.812467427308614,2.2768822838314033,0.8699281067704493,0.9999999999999999,0.055201244367380435,1.4042654220543672e-24,stable,Y
AIN,BAG,AIN,BAG,18.98523507035938,22.440071599827725,14.299442872027404,32.54497354953818,21.049106022110713,6.719168818342737,2.0638709517513334,0.1555617534653952,0.3,0.8027344028711972,0.6238376647810728,stable,Y
RIB,BAG,RIB,BAG,13.024154558022522,8.767266648683758,10.61225655239179,29.08895735115461,19.286407073236795,8.24917817012185,4.256887909338763,0.44295813959345964,0.6,0.4550367957732397,0.28475697986529375,stable,Y
RIG,BAG,RIG,BAG,7.7759600896219405,5.659418723043087,4.292110307936854,5.591783909073772,13.438136067930785,3.62446237550689,1.3673084151062334,0.6592148374161839,0.09999999999999999,0.22620535655409768,0.8728885715695383,stable,Y
RIR,DVA,RIR,DVA,2.8343859160546927,10.832233961176458,6.842821231257281,1.0297477935450359,4.5856626976874555,3.800735033763999,2.257158533569825,-0.1114854581450739,-0.19999999999999998,0.8583469015004178,0.747060078104662,stable,Y
AVH,DVA,AVH,DVA,5.777164370591069,4.4062492310052885,2.939712461613663,3.784358008072165,2.5536436323311955,1.277490982596766,0.8446455464585019,-0.8750081802119813,-0.8999999999999998,0.05204050650173602,0.03738607346849874,stable,Y
FLP,FLP,FLP,FLP,4.419552342483163,11.068711926885973,9.881499511664378,2.263564171319787,1.8835119813888714,4.304515984238131,2.5360403610942917,-0.4527978320607275,-0.7,0.4438353929284447,0.1881204043741873,stable,Y
OLQD,IL2L/R,OLQD,IL2L/R,25.68618721519569,37.67231187807864,33.71432501350149,19.377035323326844,24.849743012688734,7.340005153766384,6.309151891868847,-0.2935258890054674,-0.6,0.6317094007153599,0.28475697986529375,stable,Y
OLQV,IL2L/R,OLQV,IL2L/R,32.66418589034826,33.28177589666933,36.977880263410604,29.24591807939217,22.59856939911351,5.4166681098303355,3.4182678109560882,-0.7680660271955476,-0.6,0.12931899781889475,0.28475697986529375,stable,Y
RIH,IL2L/R,RIH,IL2L/R,3.4169373768446896,2.52676423129392,0.5304756938867476,0.6307194744821056,0.9637353873786352,1.2891306113798777,0.43325969349188753,-0.708141821256596,-0.6,0.18075893303536322,0.28475697986529375,variable,Y
IL2L/R,OLL,IL2L/R,OLL,0.028357171698018976,6.757515093084257,0.9815885785242605,0.9832387586000259,1.8459161640809068,2.671368670867575,0.8626774054808809,-0.02936438248335683,0.39999999999999997,0.9626174807680895,0.5046315754686911,variable,Y
CEPD,OLL,CEPD,OLL,18.035340852325017,25.584008825837056,18.56748015685663,10.928125133741068,12.504560901454958,5.792538505314956,5.530779950870059,-0.5776734339980744,-0.6,0.3077320955194487,0.28475697986529375,stable,Y
CEPV,OLL,CEPV,OLL,19.173777866227674,19.506923330370192,17.05752109373316,13.472251447106876,11.006309024693941,3.7015804531057066,2.449402236637031,-0.9171986526991183,-0.8999999999999998,0.028243669077268864,0.03738607346849874,stable,Y
IL2L/R,OLQD,IL2L/R,OLQD,17.13279832866934,15.359680425295908,22.91687692105227,30.220173812389646,20.776616893835154,5.81181827003596,3.6438185651658124,0.3599795415477383,0.6,0.5517607617949007,0.28475697986529375,stable,Y
RIH,OLQD,RIH,OLQD,10.499379696825477,15.44225020905549,8.777184739056663,10.688666879002492,10.502256200615477,2.505207972836116,0.18641067838701453,-0.2211638845585041,0.09999999999999999,0.720718168721788,0.8728885715695383,stable,Y
CEPD,OLQD,CEPD,OLQD,5.996434449224773,8.251694926834931,9.932382272995577,12.492643763071555,5.375174683609075,2.9174539922956884,2.2552604776101584,-0.09838386876775235,0.0,0.8749361455078825,1.0,stable,Y
IL2L/R,OLQV,IL2L/R,OLQV,20.159564894811634,7.888272028990777,16.376276765551488,29.732408072477373,13.793349713181415,8.124837546954566,3.7832881292601463,-0.06216581695217946,0.0,0.9208990347603075,1.0,stable,Y
RIG,OLQV,RIG,OLQV,4.57960771374916,4.009732322800405,5.0659517745520235,4.892762832439298,1.5580736712091088,1.434404931670629,0.4863440608028631,-0.7582152743703205,-0.19999999999999998,0.13742409481507967,0.747060078104662,stable,Y
RIH,OLQV,RIH,OLQV,18.22300646442758,19.60326423480292,12.947994396272957,8.323818853804129,11.156103825434915,4.760013787928075,4.624175542468828,-0.6786387304155193,-0.7999999999999999,0.20782285143401594,0.10408803866182788,stable,Y
CEPV,OLQV,CEPV,OLQV,5.47790933365543,15.28124650923533,8.460108530241357,12.56774023879392,6.351224878806465,4.181080792023553,2.9821991965859267,-0.13710772968994184,0.09999999999999999,0.825977515685744,0.8728885715695383,stable,Y
AIB,SAAD,AIB,SAAD,1.7446011913669366,5.1515771060648925,1.6168834621568404,0.06317813701478882,2.792877389881575,1.8807898702396937,1.0482761985146383,-0.04000015767268522,-0.19999999999999998,0.9490838020993325,0.747060078104662,stable,Y
RIM,SAAD,RIM,SAAD,2.8412882949576215,1.384311425036017,3.8097639950457527,2.8687701227285727,6.251529176213359,1.7994195843899954,0.94099387231718,0.8175663357085192,0.7999999999999999,0.09093576266829763,0.10408803866182788,stable,Y
RIV,SAAD,RIV,SAAD,49.1899031368228,38.95650753437613,44.371703353280985,33.63993930331173,29.564991120722578,7.9110097177504475,5.415195818904856,-0.8752957046132057,-0.8999999999999998,0.05186337576620418,0.03738607346849874,stable,Y
SMBV,SAAD,SMBV,SAAD,36.850514904600026,43.17660113160489,38.95079159758786,29.483618991495202,20.148672820996783,9.065269354942249,6.326086227004865,-0.8307490667904098,-0.7,0.08143020051490299,0.1881204043741873,stable,Y
AVK,SAAD,AVK,SAAD,9.366047179569067,4.162249165246648,21.346970900257656,13.269530682682026,9.923601847363315,6.3425316746349045,3.345928835318711,0.12894967774332497,0.49999999999999994,0.8362723213434831,0.39100221895577053,stable,Y
RIM,SAAV,RIM,SAAV,4.320373610292429,6.249915263246114,7.0574796944083085,9.520849717183319,8.459317886380962,2.0097700943395207,1.4018381919726535,0.7684351255280564,0.8999999999999998,0.12901815931331767,0.03738607346849874,stable,Y
SMBD,SAAV,SMBD,SAAV,38.51205399464833,38.32754810183922,31.30591163596157,32.998572502856106,18.711876203075484,8.069908651735446,5.328975598983114,-0.9563230209981279,-0.8999999999999998,0.010885460797411841,0.03738607346849874,stable,Y
AVK,SAAV,AVK,SAAV,13.142892241924207,2.488273486634863,4.47675575506523,7.952654244625405,6.197638938524886,4.058905241365816,1.7550153061005194,-0.36645714547213953,-0.09999999999999999,0.5440765118396571,0.8728885715695383,stable,Y
CEPD,URB,CEPD,URB,7.272937433233213,3.120310614478881,4.21530787441424,2.235745121444668,4.020377648360556,1.9036679735871362,0.9000670338816752,-0.48636450117883157,-0.49999999999999994,0.40610502313210467,0.39100221895577053,stable,Y
URB,URX,URB,URX,30.137705349718363,49.67617624062306,60.876050544074076,59.894087677224874,64.33893144989136,13.891212305424283,4.444843772666488,0.8371316449202766,0.8999999999999998,0.0769456082371657,0.03738607346849874,stable,Y
RIR,URX,RIR,URX,24.492436833917214,26.747959090564105,30.147603258006612,26.114779826568384,21.321660686590302,3.2271677606246936,1.6223429926511699,-0.4668625638122236,-0.3,0.42793337870086423,0.6238376647810728,stable,Y
AVH,URX,AVH,URX,3.436715929066151,5.025678995189893,4.372329747499058,10.461274664119651,2.3895219918024595,3.1378581442284084,0.9356138184329068,-0.09593539769299347,-0.09999999999999999,0.8780388854784472,0.8728885715695383,variable,Y
CEPD,URYD,CEPD,URYD,1.1590251586431928,0.5438080526562817,1.2994591339492678,6.667901781631231,1.3963872564400621,2.512201593921451,0.14043397530607504,0.16025417043807433,0.7999999999999999,0.7968347956679809,0.10408803866182788,stable,Y
RIG,URYV,RIG,URYV,2.7008328188069974,1.8272712383761551,4.839286371794561,1.5216294726649033,0.22559898608691475,1.711096960482467,0.8735615804308423,-0.5448325921093071,-0.7,0.342336112390867,0.1881204043741873,developmentally dynamic (weakened),Y
CEPV,URYV,CEPV,URYV,2.4113999462344897,1.136438091787281,0.952292730553545,2.1422823525149437,1.0064414098184962,0.6918282923030228,0.18414536123373593,-0.544430539872738,-0.49999999999999994,0.34276543771759,0.39100221895577053,stable,Y
ADL,ADA,ADL,ADA,2.4828920645538393,3.4543500201571216,1.3841133225748612,0.9583038286328406,0.528849345585012,1.193012984833614,0.8552639769898492,-0.7682050564780657,-0.8999999999999998,0.12920565571598372,0.03738607346849874,variable,Y
ASH,ADA,ASH,ADA,5.864927840854784,4.436775230999414,2.008869850442183,3.333272550037321,1.5109598263657478,1.7786334380167568,1.324402699595138,-0.8731818548165919,-0.8999999999999998,0.05317005388586424,0.03738607346849874,stable,Y
URB,ADA,URB,ADA,1.4175887466321064,1.3731513279375982,0.9862458063635423,0.4764971736096797,8.515679281197439,3.3541513472091466,0.3869055215740559,0.8049828085285251,0.0,0.10030265089297612,1.0,developmentally dynamic (strengthened),Y
RIF,ADA,RIF,ADA,2.6885716826602812,0.21632098407514908,0.025636389319914795,1.6924109509744407,0.39757733280105617,1.1464154325590614,0.3719409434811414,-0.5120667965102206,-0.19999999999999998,0.3777507677663287,0.747060078104662,variable,Y
RIC,ADA,RIC,ADA,4.981464244356611,5.534241099609572,2.0735190446556135,4.20221973257024,6.589450098839232,1.6947383408064371,0.7792445117863709,0.33274025793688866,0.19999999999999998,0.5842948313061792,0.747060078104662,stable,Y
ADL,AIA,ADL,AIA,36.747273319356374,30.021342001682434,26.883414021875563,22.508581285369463,22.240631871683487,6.0137794664818305,4.3748327365061,-0.8712118681562543,-0.9999999999999999,0.054396980799990204,1.4042654220543672e-24,stable,Y
ASE,AIA,ASE,AIA,0.08214287375358577,0.7207711083085027,0.908382606915431,4.948687262801545,0.875543745139838,1.952604968030509,0.15477263683133535,0.21910225230902508,0.7,0.7232787294738642,0.1881204043741873,variable,Y
ASG,AIA,ASG,AIA,89.64004704080104,93.09464650370296,97.57242270383786,93.61127885839818,91.75630284972138,2.916962984385904,1.3383436539815818,0.15405113347367863,0.3,0.8046345970843232,0.6238376647810728,stable,Y
ASH,AIA,ASH,AIA,49.284933096249766,40.70735882597429,39.532294882750755,38.21922103539783,33.9870660990945,5.604829392715314,1.3130738473529249,-0.9252313049996553,-0.9999999999999999,0.024265090792498813,1.4042654220543672e-24,stable,Y
ASI,AIA,ASI,AIA,3.18828009613418,4.147736471277037,13.754826493584876,10.604632098762997,16.272275908792064,5.779884435744854,5.667643810029068,0.8776750647786467,0.8999999999999998,0.05040489681372119,0.03738607346849874,stable,Y
ASK,AIA,ASK,AIA,97.29581400476836,90.81976911069289,97.07269697287649,78.13758526422762,76.41576356857675,10.101058028829495,6.476044894075471,-0.8004407040886345,-0.8999999999999998,0.10375153048121033,0.03738607346849874,stable,Y
AWC,AIA,AWC,AIA,32.47859503300756,15.69935505134443,17.958798642103087,19.11353772596908,18.333500870318908,6.696486249393313,0.7800368556501738,-0.565684286146969,-0.09999999999999999,0.3202565654812207,0.8728885715695383,stable,Y
AIZ,AIA,AIZ,AIA,4.189200017430254,8.035363979982696,6.477499323776138,6.056437538509033,7.705849261220347,1.5287422367878971,1.228349937444209,0.6135609341443787,0.3,0.27103277468705966,0.6238376647810728,stable,Y
AIM,AIA,AIM,AIA,54.285549327283206,44.82916293809335,37.34034249771968,38.60219336898722,29.481049993927826,9.259514767607556,6.226969569106124,-0.9529599567770584,-0.8999999999999998,0.012160378603115798,0.03738607346849874,stable,Y
PVQ,AIA,PVQ,AIA,62.68704994018663,51.56247295373516,61.224954035181355,63.03687816071145,62.951573203376064,4.935053037341772,0.3498282205248202,0.2976357608778538,0.6,0.6267103691973249,0.28475697986529375,stable,Y
ADL,AIB,ADL,AIB,10.078312157138322,10.752821288941718,17.64013528469762,20.028094182862898,18.765231744332894,4.6814761548851225,2.3879588981652766,0.7634308994586103,0.8999999999999998,0.1331145520070524,0.03738607346849874,stable,Y
ASE,AIB,ASE,AIB,37.71631281187436,30.515138640770477,22.4901539290797,16.74628224999118,25.760688043633305,7.962118193728694,4.754450597137172,-0.5539733390348395,-0.7,0.332611662165943,0.1881204043741873,stable,Y
ASG,AIB,ASG,AIB,0.4597427138957893,2.094524285610242,1.0126549224941863,6.38872114160183,3.7081385558140076,2.3900904315364953,1.6136142702037657,0.5452787020062565,0.7999999999999999,0.3418598972802979,0.10408803866182788,stable,Y
ASH,AIB,ASH,AIB,6.28117448295875,2.397926899747881,4.180053524568477,9.364284693137174,8.314270316784636,2.8715251647634843,2.1011209583902737,0.4920368257797676,0.6,0.399806018021134,0.28475697986529375,stable,Y
ASI,AIB,ASI,AIB,5.381504580895723,18.33803123010971,6.028231740951175,11.884842926262412,20.179144818995397,6.817116642992612,6.453188303847298,0.6475748681267415,0.7,0.2374245150101814,0.1881204043741873,variable,Y
AWC,AIB,AWC,AIB,19.183364710954386,29.97392317512096,21.361028941603784,21.002685476312227,17.805350448467134,4.7545801645414905,1.8193207653578405,-0.3730646182069053,-0.39999999999999997,0.5362598829072422,0.5046315754686911,stable,Y
AIA,AIB,AIA,AIB,53.87700837758465,52.16318795279845,56.78206139818628,60.06532313141032,56.05918186287256,3.0061741902378136,2.1821734852879118,0.42170235702208914,0.6,0.47943985695696945,0.28475697986529375,stable,Y
AIZ,AIB,AIZ,AIB,29.097982893899,18.882022347645723,25.330918344451298,18.612334528587,18.91494115078193,4.79717397713791,0.30260662219493284,-0.6446170299174302,-0.49999999999999994,0.2402989626825765,0.39100221895577053,stable,Y
PVT,AIB,PVT,AIB,8.332029106366067,11.747029684796653,27.275211447520974,10.013878783540003,18.03541185376165,7.742206168501933,3.415000578430586,0.4001857864184154,0.49999999999999994,0.5044147828410719,0.39100221895577053,stable,Y
RIB,AIB,RIB,AIB,6.2440625481387535,11.440348605580175,12.914971720087637,7.176371665591871,9.182358870062506,2.804885450383803,2.2579897355176684,0.15856049281482296,0.19999999999999998,0.7989636778825975,0.747060078104662,stable,Y
RIG,AIB,RIG,AIB,3.7189922772676307,3.1281011038517823,0.40317659031244935,0.7943117944360584,1.9608549346671273,1.434625563097991,1.167246169184655,-0.47447949071564777,-0.6,0.4193766300452288,0.28475697986529375,stable,Y
RIM,AIB,RIM,AIB,5.739385113828161,4.593081802120401,4.298208296327545,8.522558243108575,4.7158483163727425,1.7354838716085768,0.41764002004519707,-0.06491493431992357,0.09999999999999999,0.9174058240590416,0.8728885715695383,stable,Y
DVC,AIB,DVC,AIB,7.50192038642835,15.915501814442996,19.49759354790989,15.10984422024357,9.71614591177369,4.865189354993654,4.38774932766632,-0.002207333379738996,0.09999999999999999,0.9971895381347513,0.8728885715695383,stable,Y
AFD,AIY,AFD,AIY,95.79257748539415,92.20641336551697,94.63072592149916,98.37841448285221,96.68206515276727,2.311074693357664,1.1618515638949845,0.38999443868530886,0.6,0.5163350385460588,0.28475697986529375,stable,Y
ASE,AIY,ASE,AIY,50.138932769848914,58.06582183787633,62.63371993700544,65.37964582878196,57.819462413607894,5.798780526793698,4.56789809912911,0.4265981251395342,0.39999999999999997,0.473794871699716,0.5046315754686911,stable,Y
AWA,AIY,AWA,AIY,6.222454800752943,3.052277274790162,2.7365921251517036,5.283308631291959,6.745546255870914,1.8271548263201716,1.4622376245789548,0.32490890900332103,0.3,0.593711496852304,0.6238376647810728,stable,Y
AWC,AIY,AWC,AIY,30.80331670225634,28.847638606278856,32.197382703002475,38.74363705933908,42.42612135045291,5.737919342379713,3.3497440967236187,0.8759729486907359,0.8999999999999998,0.05144690978614618,0.03738607346849874,stable,Y
ADF,AIZ,ADF,AIZ,42.249705054168025,36.36338140312419,33.96381726428533,36.27500817295023,40.371763966855,3.373040536347083,2.399564138838855,-0.04417144285755181,-0.3,0.9437774662952461,0.6238376647810728,stable,Y
ASE,AIZ,ASE,AIZ,0.5561279435858094,0.4849224917528714,0.8119391808723746,0.4780855266932793,0.1602783872344004,0.2326799281747357,0.07120545183293803,-0.6494034010993308,-0.7,0.23565226431279354,0.1881204043741873,stable,Y
AWA,AIZ,AWA,AIZ,7.67537997913437,27.208035322727152,42.42108525928342,37.39539089076333,38.296052267695416,13.983814203882956,5.025694368520092,0.7285804227312269,0.7,0.1626566840683906,0.1881204043741873,stable,Y
AWB,AIZ,AWB,AIZ,30.946543455504514,15.53377249195272,28.882348407317938,27.866699311713365,16.723316393457782,7.2744388135657685,3.0798441437911492,-0.5126010397719519,-0.39999999999999997,0.3771666044462559,0.5046315754686911,stable,Y
DVA,AIZ,DVA,AIZ,21.445310551012557,5.448113449184829,6.935741705582246,11.859417989944856,5.173762535115747,6.8502875633058915,1.7619791704664989,-0.6619501244605656,-0.6,0.2235907282743973,0.28475697986529375,stable,Y
AIY,AIZ,AIY,AIZ,43.0326538440705,45.81102295030424,44.882781380306135,54.31524182096354,41.656576208164324,4.951752273321022,1.8501275362356324,-0.08045376409519311,-0.09999999999999999,0.897673702657694,0.8728885715695383,stable,Y
RIG,AIZ,RIG,AIZ,2.852397578811358,2.2581784428606233,8.303342909273516,5.249425157203729,4.523584216952449,2.380839930578689,1.6711866381410916,0.307583595694498,0.49999999999999994,0.6146383026118954,0.39100221895577053,stable,Y
RIH,AIZ,RIH,AIZ,12.113396104639257,0.9105318080155304,8.561529658288602,6.950565660951985,8.456410212825864,4.09256746167419,1.5058445518738788,-0.05787483028118462,-0.3,0.9263526347022879,0.6238376647810728,stable,Y
RIR,AIZ,RIR,AIZ,35.28018339298138,50.322946789250565,45.07281364983168,40.94723460786411,47.44722856509229,5.877833775702248,4.125579041967569,0.5059478403321326,0.3,0.38445685826260456,0.6238376647810728,stable,Y
ASH,AVA,ASH,AVA,1.9856706723616162,16.740664706594096,8.800650767501784,8.2009189448682,12.132318472235648,5.430750866833377,3.3316677047338636,0.4239106101195902,0.3,0.4768918977191544,0.6238376647810728,stable,Y
AUA,AVA,AUA,AVA,3.5174376592477787,9.296179439507098,15.297047861541197,14.838528897854056,9.713436963225822,4.812828004972633,5.125091934628234,0.41556808330959927,0.6,0.4865328902082711,0.28475697986529375,stable,Y
DVA,AVA,DVA,AVA,6.46221818442092,3.3160087876574686,1.3823074445752181,10.24122719067749,4.686291603813654,3.36874276666208,1.7759265806072664,-0.01854051100105846,0.09999999999999999,0.9763948407421613,0.8728885715695383,stable,Y
FLP,AVA,FLP,AVA,40.55252810394311,5.644289041425868,48.53926085951975,36.722463834185966,44.82749672041415,17.139980405947682,4.2749686164710425,0.3221308343301612,0.3,0.5970584267386122,0.6238376647810728,stable,Y
SAAD,AVA,SAAD,AVA,30.172306288111916,30.293761388972058,56.51854026961111,47.84355212556282,39.48182352391624,11.420720526685123,9.188062134944182,0.343302586977021,0.6,0.571638123937396,0.28475697986529375,stable,Y
SAAV,AVA,SAAV,AVA,50.58681406348881,46.955560253012244,53.098532695350954,54.47656259894485,53.83323247378915,3.079128907714286,1.378029903593898,0.5884618950225708,0.7999999999999999,0.29657252941482376,0.10408803866182788,stable,Y
ADA,AVA,ADA,AVA,10.566639138457267,1.3990486982756754,3.1448279975089033,7.690026420962266,2.2216390121384233,3.9481457121237065,1.745779299233228,-0.537452243263945,-0.3,0.3502382644210582,0.6238376647810728,stable,Y
PVC,AVA,PVC,AVA,6.12357426557291,16.11038436099067,45.75473997322182,16.783577772733597,13.79036968568058,15.161485871974524,2.3200146753100874,0.10529723538510857,0.3,0.8661795574143768,0.6238376647810728,stable,Y
PVP,AVA,PVP,AVA,18.784361039085844,11.274807838119191,11.243383504334595,19.394303754315803,13.202111576893225,4.019031800702002,1.95872807255863,-0.27470147620846097,0.09999999999999999,0.6546892796351603,0.8728885715695383,stable,Y
RIB,AVA,RIB,AVA,15.874598829808297,8.352420418768865,1.726027943617236,10.494030302961841,7.46513087976,5.122046209777409,2.1416098841929756,-0.45815923913520135,-0.49999999999999994,0.43775826360949627,0.39100221895577053,stable,Y
ADE,AVA,ADE,AVA,33.776507724117046,31.873630929661047,12.01026118513063,7.040107334806893,6.821407662435747,13.433816761630233,5.188853522694884,-0.8157772052261444,-0.9999999999999999,0.09225039563116734,1.4042654220543672e-24,stable,Y
DVC,AVA,DVC,AVA,30.548277451916448,4.470338913455317,7.451827378698623,27.034845389761266,22.315696945494096,11.740585750483513,8.232580506422352,0.013618459343789746,-0.09999999999999999,0.982660975012897,0.8728885715695383,stable,Y
RIC,AVA,RIC,AVA,57.69963058698524,38.75733907464831,45.77497768033227,41.74090093263392,40.3254636510545,7.635878575147731,2.983561857985613,-0.644974894276576,-0.39999999999999997,0.23995068670313313,0.5046315754686911,stable,Y
ASH,AVB,ASH,AVB,8.404500661988465,8.579780838883277,11.20104722498395,13.696421404298098,10.869523084813375,2.174330688530227,2.289742245930098,0.5120793546100273,0.7,0.37773703374141243,0.1881204043741873,stable,Y
FLP,AVB,FLP,AVB,6.87937182693618,32.845219548844476,3.14651491226392,29.890983510212333,12.65771895661871,13.51309326992494,9.511204044354791,0.013399211511795378,0.09999999999999999,0.98294010454966,0.8728885715695383,stable,Y
ADA,AVB,ADA,AVB,37.60029890208673,31.029296917291603,38.61743157503202,51.499190347185284,49.906637292569854,8.711228897894328,7.588134657740419,0.7009301682402824,0.7999999999999999,0.18727516610576697,0.10408803866182788,stable,Y
AIB,AVB,AIB,AVB,23.250318712487623,27.87966955581184,18.955645113737717,22.194584604789437,17.144602559599438,4.151761338087518,3.2389394910517204,-0.6934347786286419,-0.7999999999999999,0.19411672791746742,0.10408803866182788,stable,Y
AVJ,AVB,AVJ,AVB,14.504428091162305,43.45836145177891,46.771953078795406,27.494336492134902,30.86069731568191,12.993165048543153,12.597664136097002,0.22232141341192546,0.19999999999999998,0.7192810475077902,0.747060078104662,stable,Y
PVC,AVB,PVC,AVB,30.14796264046218,12.521114132431837,10.384612639180787,33.16706145521377,28.318985782536675,10.626226954063917,4.848075672677094,0.17358614150276444,0.09999999999999999,0.780098283335249,0.8728885715695383,stable,Y
PVP,AVB,PVP,AVB,24.141503165391537,25.935093557959625,28.097522010952936,33.62937127030202,36.37476346855294,5.186787663345848,3.956018845561399,0.9331900824294695,0.9999999999999999,0.020520808012798077,1.4042654220543672e-24,stable,Y
PVR,AVB,PVR,AVB,54.27060346302892,15.739317420157548,27.936269370575857,29.324133909916917,45.24414545380691,15.232766831493887,13.584816489759369,0.030150501471476937,0.0,0.9616170062685305,1.0,stable,Y
RIF,AVB,RIF,AVB,49.587576096621966,48.911860727639684,58.561824498163894,52.74306087028256,54.84162960673864,3.9599229365629656,3.1554847736605964,0.5296114991009677,0.6,0.35868176658966355,0.28475697986529375,stable,Y
RIM,AVB,RIM,AVB,15.985456480479582,9.582571853960728,12.552985858589633,9.763178216705217,15.5355036160372,3.0495044222937766,2.970414004628905,0.12286825717795016,-0.09999999999999999,0.8439537930905207,0.8728885715695383,stable,Y
ADL,AVD,ADL,AVD,7.869774515971059,10.641803698902642,16.47825984802112,24.27358141078454,16.361721684981493,6.3204960340627725,5.719917986078851,0.5558492045258074,0.7,0.3306247082995793,0.1881204043741873,stable,Y
ASH,AVD,ASH,AVD,12.077519585126003,8.446976966405702,14.657299048071062,12.807657148545895,11.908928384107883,2.255535359076161,0.7301375634198912,0.15968306267893326,0.09999999999999999,0.7975525883865545,0.8728885715695383,stable,Y
FLP,AVD,FLP,AVD,9.160108722070435,19.955071422381174,15.66519847127159,8.29309661097569,11.975995686031657,4.832807188436248,3.6828990750559676,-0.07178677629906456,-0.19999999999999998,0.9086768025014363,0.747060078104662,stable,Y
PVC,AVD,PVC,AVD,5.679409219635427,12.186933196149042,9.14294513123452,16.777344751081856,16.401948342361177,4.7523845042174075,4.215015146212135,0.794172534815275,0.7999999999999999,0.10856852716514766,0.10408803866182788,stable,Y
ADE,AVD,ADE,AVD,0.9902795660895561,1.9509287585152648,4.267798233580291,3.7291964959134325,1.8377630376056577,1.3820361766805322,0.9606491924257087,0.20182054540397248,0.3,0.7447893526842315,0.6238376647810728,variable,Y
AUA,AVE,AUA,AVE,18.879224890173308,17.528978543716033,7.433006558972529,5.800032721301772,9.567592093341638,5.978749491444259,3.767559372039866,-0.6370523491847453,-0.7,0.24769292694331,0.1881204043741873,stable,Y
BAG,AVE,BAG,AVE,5.284134534302839,7.322061255786498,7.37102741024356,16.454102428014064,9.967238675955269,4.34121767271599,2.0868928759407206,0.4632278147798242,0.8999999999999998,0.43203039996550996,0.03738607346849874,stable,Y
DVA,AVE,DVA,AVE,33.123916414107505,59.63034464185613,52.97412862176709,45.958213767891195,40.70825263264422,10.332903304028425,7.015914853875898,-0.000304834461456599,0.0,0.9996118727150867,1.0,stable,Y
OLL,AVE,OLL,AVE,26.068781207124356,25.28927927320212,22.163591963644574,19.775341968129414,24.524864069192365,2.5733659322726,1.5439171379319916,-0.2772018744270802,-0.7,0.6516292892869489,0.1881204043741873,stable,Y
URX,AVE,URX,AVE,0.2783155180189936,2.1163635763108832,7.126052283383633,6.247581267321146,12.388056686836874,4.724327170024781,4.131217691010263,0.9712933428638306,0.8999999999999998,0.00581338171792411,0.03738607346849874,variable,Y
URYD,AVE,URYD,AVE,20.567975777807572,21.09828533822271,4.469833694892319,18.05816500182224,7.974400165760056,7.684139016305565,3.04012033640047,-0.6196626344436662,-0.6,0.26491657738101754,0.28475697986529375,stable,Y
URYV,AVE,URYV,AVE,16.013461528326715,12.658602185842337,11.89747409168764,12.413117289003234,12.355672371714983,1.6695630074084744,0.24548489683910368,-0.657498936096661,-0.7,0.22784983276583815,0.1881204043741873,stable,Y
AIZ,AVE,AIZ,AVE,8.6908268886661,4.89362229708423,5.4476388201891925,5.244299123555724,6.070242355486748,1.526573879839332,0.5540165231049627,-0.42784432989979493,-0.09999999999999999,0.4723602460614786,0.8728885715695383,stable,Y
PVC,AVE,PVC,AVE,15.044685378626857,19.801660909825824,19.519461091583228,14.689483858212945,18.764649971892393,2.4941082571347617,1.037010937933431,0.31119197758945316,-0.19999999999999998,0.6102693876081624,0.747060078104662,stable,Y
RIB,AVE,RIB,AVE,21.664418273902985,23.910688659713554,29.758160595577763,20.578893557074913,26.40634648861243,3.7094039009445554,2.495657828898878,0.37210885333927446,0.19999999999999998,0.537389179208403,0.747060078104662,stable,Y
RIG,AVE,RIG,AVE,3.224997137361711,7.093449823232039,4.81773463077269,5.565327397705931,4.524439118373411,1.4231945315787558,0.7475927669332414,0.08039737280251341,0.09999999999999999,0.8977452696950343,0.8728885715695383,stable,Y
ALA,AVE,ALA,AVE,55.492998194796066,56.84023719508825,50.587673586341765,67.8488410980762,48.72502202311837,7.475386536282522,4.9053246084543005,-0.28727812685483334,-0.3,0.6393214653631953,0.6238376647810728,stable,Y
AVK,AVE,AVK,AVE,16.37359688767569,16.236979119357922,17.203730998656493,12.52232067301592,12.5968688237586,2.2464619861323136,0.9667518792985703,-0.7195995785952316,-0.6,0.1705431878197136,0.28475697986529375,stable,Y
CEPD,AVE,CEPD,AVE,20.155185298692842,13.156466618238575,11.930839466932163,11.500010227445639,10.749298951529141,3.822239959274087,1.1815405154030216,-0.792230105337203,-0.9999999999999999,0.1100745906826768,1.4042654220543672e-24,stable,Y
CEPV,AVE,CEPV,AVE,6.683731235333725,11.122986620808383,13.680903123243079,9.004301722036326,10.681010433151316,2.5974901884261983,1.6767087111149905,0.3840960467115592,0.19999999999999998,0.5232597614756394,0.747060078104662,stable,Y
RIS,AVE,RIS,AVE,31.392390031883775,24.843418037392833,34.32842076847372,22.556580563812666,26.61988225496121,4.822948300131481,4.063301691148546,-0.3076254539594204,-0.3,0.6145875910883015,0.6238376647810728,stable,Y
ADL,AVJ,ADL,AVJ,2.4091471490800673,4.753304210147671,8.676596612936136,6.369759338117115,5.919704093408751,2.294303789022542,1.1663998832610805,0.4985243096591794,0.6,0.39263019976312796,0.28475697986529375,stable,Y
ADA,AVJ,ADA,AVJ,18.290889606421263,19.82776963774026,13.206019555049497,8.169404515542643,14.258237677666056,4.589433117159874,4.032651928755207,-0.4565171265251795,-0.6,0.4396175991938353,0.28475697986529375,stable,Y
BDU,AVJ,BDU,AVJ,7.930870286417015,9.86118318921457,13.86719020401556,10.502260599266565,3.9494132955649466,3.6432334782300395,1.9303129027975547,-0.478293394400018,-0.09999999999999999,0.41510705289964,0.8728885715695383,stable,Y
PVR,AVJ,PVR,AVJ,16.102727159042633,16.41325271261348,11.597229768509662,41.73535270966654,12.667293672114166,12.49413504507981,3.435433486928467,-0.013620885505878366,-0.09999999999999999,0.9826578862139027,0.8728885715695383,stable,Y
RIF,AVJ,RIF,AVJ,24.45299100329937,21.40074232326753,14.52512209438493,11.463886614127272,5.421168755122512,7.64504901398545,6.8756202288826,-0.9630340925412337,-0.9999999999999999,0.008484242053179695,1.4042654220543672e-24,stable,Y
ALM,BDU,ALM,BDU,35.75789459175235,28.693256478176327,29.38306822874097,29.982952200415102,44.14469523101877,6.534303637187054,1.2896957222387755,0.5994315075461403,0.39999999999999997,0.2853361957565218,0.5046315754686911,stable,Y
FLP,PVC,FLP,PVC,5.855008054195028,10.131175888148041,1.2320479633387735,3.6007957632527425,1.9421773695420002,3.5903717940470217,2.2542122909422853,-0.5683995801198584,-0.6,0.3174088938330282,0.28475697986529375,stable,Y
AVJ,PVC,AVJ,PVC,23.987787373646384,25.900085580609773,21.587617652216036,21.92466964770018,22.618405708419317,1.76603357928451,1.0307880562032814,-0.45701880479783175,-0.49999999999999994,0.4390493703419008,0.39100221895577053,stable,Y
PVP,PVC,PVP,PVC,7.2325961939546675,7.232250322110856,26.117601360108022,34.54087341018043,13.233522276654282,12.18150934955546,6.0012719545434265,0.2627284800727623,0.6,0.6693729734531171,0.28475697986529375,stable,Y
RIF,PVP,RIF,PVP,0.5425902957128687,3.371029554586898,1.832277705646912,4.421694645883802,5.194838183263595,1.8942254288936533,1.5387518489399858,0.8444107448560407,0.8999999999999998,0.07192810846138636,0.03738607346849874,variable,Y
AVH,PVP,AVH,PVP,3.2952754936676727,6.519772392040379,2.5540642564586684,2.692746048375027,6.4489024750481905,2.011602370037514,0.7412112372090043,0.40398044314854015,-0.09999999999999999,0.49999104347541634,0.8728885715695383,stable,Y
ADF,RIA,ADF,RIA,23.712167979642356,28.317500300595732,25.735788057258517,31.890606643288667,29.26966674244576,3.167452760559372,2.581712243337215,0.603350625450601,0.7999999999999999,0.2813494367843331,0.10408803866182788,stable,Y
ASH,RIA,ASH,RIA,2.6480600406398747,9.35905042124014,5.017049324359393,5.912844866382456,4.361254792857235,2.48586578080916,0.8957955420230634,-0.015280983080704719,0.09999999999999999,0.9805444052894866,0.8728885715695383,stable,Y
AUA,RIA,AUA,RIA,36.82515231466876,31.71354840487059,43.28416142692038,42.871438928566455,49.893623883039275,6.91826925821971,6.046286613897692,0.8379217952246376,0.7999999999999999,0.07639590599417369,0.10408803866182788,stable,Y
BAG,RIA,BAG,RIA,55.37519936971129,43.86592214336787,34.942281050196335,39.91079907137187,38.45965479721422,7.8705684124339195,3.955123071995999,-0.6964376246771573,-0.7,0.19136747566205203,0.1881204043741873,stable,Y
URX,RIA,URX,RIA,22.35326967010094,16.913951750508264,18.840698352744568,17.248665262159168,23.40934363538514,2.970455886832261,1.9267466022363031,0.29913020498634313,0.3,0.6248942631206509,0.6238376647810728,stable,Y
AIY,RIA,AIY,RIA,25.116209740219286,22.077419372593415,26.64933545740525,24.81724699689965,21.232220515218554,2.2520768513663465,1.8320884605055987,-0.5183453198742525,-0.49999999999999994,0.3708993452212547,0.39100221895577053,stable,Y
AIZ,RIA,AIZ,RIA,20.160097616395444,24.63054315935534,22.138706549992506,23.38967701465019,25.713092980379525,2.1659415627569776,1.2509704646576836,0.7897395681693598,0.7,0.1120147491180084,0.1881204043741873,stable,Y
RIA,RIA,RIA,RIA,7.187287708905953,7.757761123250607,13.965806068982669,8.346473274186424,8.93256465572614,2.7219840608032766,0.5887121509358169,0.20090626969132105,0.7,0.7459296000763234,0.1881204043741873,stable,Y
RIB,RIA,RIB,RIA,22.671714134836197,17.20842049263021,18.296736184781633,18.251795712013003,14.163946175804423,3.0515584337241823,1.043375219382792,-0.8986054835550985,-0.7,0.03816256856425297,0.1881204043741873,stable,Y
RIH,RIA,RIH,RIA,15.409904391507594,2.824118336474339,17.323658018781636,19.30378268751742,18.107179907768884,6.729995039167256,1.9137536272740423,0.39823233133521246,0.7999999999999999,0.5066952112494147,0.10408803866182788,stable,Y
RIR,RIA,RIR,RIA,26.328079873309992,12.096860159008868,12.850246572756987,11.63243976246884,10.923573251541011,6.501145138997663,0.7533864137481192,-0.7154169317024099,-0.8999999999999998,0.17425266132135597,0.03738607346849874,stable,Y
RIV,RIA,RIV,RIA,10.390519853739566,17.720829727111717,13.830565603643286,3.8575301588796345,10.929561528972615,5.098408182036645,2.901004074670672,-0.19754185774765848,-0.19999999999999998,0.7501274290116495,0.747060078104662,stable,Y
RMDL/R,RIA,RMDL/R,RIA,21.888810126547142,39.938228820272556,44.28874305256825,42.044640164065214,42.303721317720736,9.188491506805683,2.106411343792658,0.6768228987307737,0.7,0.20952287928257093,0.1881204043741873,stable,Y
SMDD,RIA,SMDD,RIA,34.54490965516834,44.482995147692336,49.02049557622122,50.10146996952969,47.798693541535705,6.3130483823788515,2.302776427993983,0.6904507413286407,0.7,0.1968597058658368,0.1881204043741873,stable,Y
SMDV,RIA,SMDV,RIA,50.20767638231566,59.26761027345023,48.55253316786826,62.46769401255135,54.58578346926569,5.888238255267148,4.681826804184539,0.19719919508728623,0.3,0.7505551383498024,0.6238376647810728,stable,Y
AUA,RIB,AUA,RIB,35.75447897623707,38.9088128774678,28.19300916281659,34.403679131328445,22.78685535887247,6.46104201783761,4.505133746139357,-0.8206815937797467,-0.7999999999999999,0.08866053851769119,0.10408803866182788,stable,Y
BAG,RIB,BAG,RIB,33.012147484334655,31.163256662187173,29.723229531283017,20.730450958454625,22.77852822185413,5.405167705811798,3.2889179530516373,-0.776494663506211,-0.8999999999999998,0.12250148427983613,0.03738607346849874,stable,Y
OLL,RIB,OLL,RIB,32.11548543106895,13.091271123239556,18.048120222349596,21.651912900940335,16.348159629982604,7.315653274945622,3.6037926785907395,-0.5500916615788154,-0.3,0.3367326625876747,0.6238376647810728,stable,Y
URYD,RIB,URYD,RIB,9.385976239703647,4.06909136277708,3.90202673995258,5.570420832933775,7.909287101153701,2.4127061024099508,1.668394092981195,-0.005258229610845377,-0.09999999999999999,0.9933050449758892,0.8728885715695383,stable,Y
URYV,RIB,URYV,RIB,6.958627642299181,8.724575079513377,8.83101963950815,5.643247695640111,7.776248645985058,1.3276390216566276,0.9483264335283188,0.012543445018024818,-0.09999999999999999,0.9840296085883152,0.8728885715695383,stable,Y
AIB,RIB,AIB,RIB,24.22583408324074,22.75671940436171,20.17751326872813,19.020624441970234,22.671712097706813,2.1161816868893695,1.5541219855339286,-0.27654374812643856,-0.7,0.6524344832709977,0.1881204043741873,stable,Y
AIN,RIB,AIN,RIB,1.6579317258282007,6.228769588498811,11.105690229243272,13.78023141007145,9.453051437072698,4.6780366420903405,3.224281848573887,0.6051050196692906,0.7,0.27956954818941165,0.1881204043741873,stable,Y
AIY,RIB,AIY,RIB,17.401046620119107,27.434310681618857,24.548797065650515,17.13347485528537,30.19581719615225,5.895313502896565,5.647020130501737,0.6100779199923568,0.3,0.27454061559333726,0.6238376647810728,stable,Y
RIG,RIB,RIG,RIB,7.282071858179395,5.979835866388916,6.762154484697167,5.385360084568137,5.366972173869059,0.8489615834603685,0.6128636925198565,-0.7717684132214265,-0.8999999999999998,0.12631078293179573,0.03738607346849874,stable,Y
RIH,RIB,RIH,RIB,1.565838655961769,1.775014724308578,7.471782946512169,7.750708245384744,7.9331877396664945,3.3175958718349907,0.46140479315432525,0.7836223612737947,0.9999999999999999,0.11682310869059703,1.4042654220543672e-24,stable,Y
RIM,RIB,RIM,RIB,14.269592842226523,23.93730179695459,11.325198159100541,8.765636696637442,5.01039316681384,7.162970018386041,2.9443946831259815,-0.6852320597132083,-0.8999999999999998,0.20168276531062843,0.03738607346849874,stable,Y
DVC,RIB,DVC,RIB,27.552175202022166,36.806655413506704,24.669608505336253,4.1937968781674435,16.219802386173836,12.324769707971885,8.449806119162417,-0.5221161257049842,-0.7999999999999999,0.3667990533300901,0.10408803866182788,stable,Y
RIS,RIB,RIS,RIB,33.962212395915486,34.5232441942593,17.729085232768295,16.806707063112928,20.344164650550823,8.8339134863166,3.5374575874378955,-0.6560143741376322,-0.6,0.2292752393081801,0.28475697986529375,stable,Y
ALM,RIF,ALM,RIF,0.5528154810253411,4.848903756176313,0.35446710017871413,0.9937110264939033,0.6030370146185524,1.902702418149146,0.24856991443983828,-0.24784308488698947,0.09999999999999999,0.6876974689684394,0.8728885715695383,variable,Y
AIA,RIF,AIA,RIF,18.616581948974996,13.320562624321711,12.89177365413588,5.894062029781049,16.125588627341063,4.775999462085851,2.8050260030193517,-0.16530040150067157,-0.39999999999999997,0.790495433905496,0.5046315754686911,stable,Y
BAG,RIG,BAG,RIG,5.955140281236582,17.648759938658465,26.63770453904994,18.943014816849196,18.069161194158887,7.402662884614283,0.8738536226903086,0.47300445582674805,0.6,0.4210305802828199,0.28475697986529375,stable,Y
URX,RIG,URX,RIG,40.43927544614306,59.40829995535185,52.36641809676197,50.03791130197979,27.09086582960975,12.500091372734161,9.37038865337206,-0.5733661821550886,-0.39999999999999997,0.312216969886739,0.5046315754686911,stable,Y
PVP,RIG,PVP,RIG,7.254100258504528,37.79557758143793,5.20853490156092,3.3554428022627163,1.450895310631951,15.126133284303528,2.045565356943608,-0.39781024986500463,-0.8999999999999998,0.5071882191274472,0.03738607346849874,variable,Y
PVT,RIG,PVT,RIG,21.18191075313491,23.82344965118854,2.6082300049890335,18.531768955929458,8.567443833214371,8.992495792498234,5.291680695259082,-0.5547997801493496,-0.6,0.33173591112047024,0.28475697986529375,stable,Y
RIM,RIG,RIM,RIG,0.32396307164896276,2.2104872192795484,0.44605386346263515,0.1533920450853678,0.03161418529825971,0.8959083720566184,0.17057102656359496,-0.3874403994297649,-0.7,0.5193312018084477,0.1881204043741873,variable,Y
ADE,RIG,ADE,RIG,15.72431813467135,33.09700868119863,45.13393155266728,51.30535713017,44.5864999256003,14.067232676759104,6.7188572045697015,0.7186566376386658,0.7,0.17137745048714084,0.1881204043741873,developmentally dynamic (strengthened),Y
DVC,RIG,DVC,RIG,22.041383624271777,24.956275513771512,35.562331796874616,29.348619189446275,31.87776535147595,5.383928399821679,4.392343675674763,0.6574207769128683,0.7,0.2279248165546274,0.1881204043741873,stable,Y
IL2L/R,RIH,IL2L/R,RIH,60.822389820994566,56.6168297594443,44.63847279826317,26.247464103935304,37.790979977328256,14.042861846201818,11.978356961181127,-0.6839538934944468,-0.8999999999999998,0.20286902704620058,0.03738607346849874,stable,Y
SAAD,RIM,SAAD,RIM,55.193840944059026,61.079632756469394,39.16020342418032,40.941939542738254,47.27364375496257,9.33609306082253,7.920197189096456,-0.4410048264332422,-0.49999999999999994,0.45726772624324913,0.39100221895577053,stable,Y
SAAV,RIM,SAAV,RIM,40.57717278208753,46.0380719136146,39.63577894075091,25.40189566374024,37.810231210959515,7.625922828845415,1.8255477297913956,-0.30981285411429116,-0.7999999999999999,0.6119385497073508,0.10408803866182788,stable,Y
ADA,RIM,ADA,RIM,10.608373919505643,9.22445090835601,21.34177078360369,13.770722974526862,13.080239391060882,4.6991871134095655,2.4718654715552386,0.23085587768533214,0.49999999999999994,0.7086972953657273,0.39100221895577053,stable,Y
AIB,RIM,AIB,RIM,27.45502462907197,22.004572605101288,32.82956338627584,31.716907225771852,23.829567251822407,4.739141373993262,4.261882596699881,-0.13535700092932576,0.09999999999999999,0.8281858304132479,0.8728885715695383,stable,Y
AIZ,RIM,AIZ,RIM,16.11320385535423,16.3550821920716,19.41597696158934,21.392622910226994,13.186004409772542,3.180132066080466,3.0608947695177413,-0.3069483262320555,0.0,0.6154080236014757,1.0,stable,Y
RIF,RIM,RIF,RIM,5.956703714167266,6.510911845762147,9.584821268865092,19.134195720910345,16.001530943935308,5.869674621273911,3.628117554697826,0.7347710586267006,0.8999999999999998,0.15728382530905813,0.03738607346849874,stable,Y
AVK,RIM,AVK,RIM,34.74005922766552,39.03074144990935,22.66777509277997,29.620327207018292,20.737201677834275,7.772942972544499,6.952552114238323,-0.7628484372752562,-0.7999999999999999,0.13359380776800467,0.10408803866182788,stable,Y
RIS,RIM,RIS,RIM,2.521730436771209,11.681509811054227,11.873607124742307,18.102748140394702,22.76657319577593,7.639826345729993,6.229141015652395,0.945203909809254,0.9999999999999999,0.015270597076680064,1.4042654220543672e-24,stable,Y
IL2D,RIP,IL2D,RIP,36.67951880334924,21.92877087939002,38.644157997642964,45.21960081528423,39.51614239659689,8.689455135778463,1.9646391942937242,0.36756705190477335,0.7999999999999999,0.5427619520583059,0.10408803866182788,stable,Y
IL2V,RIP,IL2V,RIP,34.157510702987665,35.58799720277227,24.6866507628908,35.861333242498056,34.30081246447394,4.663575862245077,1.287184738298329,0.02299626070503688,0.3,0.9707228323525608,0.6238376647810728,stable,Y
ADA,RIP,ADA,RIP,0.30194417440747157,11.384497679487827,7.400369623177988,9.886369386137803,14.01452015563155,5.220680398977289,2.485999762959815,0.8148720701839829,0.7,0.09291767085004453,0.1881204043741873,developmentally dynamic (strengthened),Y
PVR,RIP,PVR,RIP,17.779405009232047,31.12343645561101,41.68935144442319,13.315936743484139,31.587834011243913,11.467909118240211,10.565914988812178,0.2742117924294175,0.19999999999999998,0.6552888222400475,0.747060078104662,stable,Y
RIH,RIP,RIH,RIP,28.10918226490452,44.90179250574531,31.632703133613376,24.77059040986326,29.89339420765588,7.71906575057252,1.7842119427513623,-0.1970321311683106,-0.19999999999999998,0.7507636773717137,0.747060078104662,stable,Y
IL1D,RIP,IL1D,RIP,22.15862985178364,34.94384876893977,20.905452383196465,25.202435058348122,8.508595056328103,9.492747903796529,3.043805206564482,-0.6976835124240348,-0.49999999999999994,0.19023006969757497,0.39100221895577053,stable,Y
IL1V,RIP,IL1V,RIP,26.333518207582674,41.559175383993505,28.14480175081236,24.336927826840256,17.388980646095657,8.826957618305428,1.9965903807424183,-0.6087207267724493,-0.7,0.2759107088174709,0.1881204043741873,stable,Y
URAD,RIP,URAD,RIP,28.730207593416168,21.113626576089597,28.44972888271854,31.110744799341482,18.209608976901265,5.5453376014528954,2.6610159166229437,-0.5458237574810929,-0.3,0.3412782831049152,0.6238376647810728,stable,Y
URAV,RIP,URAV,RIP,22.697148308979706,31.057061470561507,21.207537574022027,17.288378021143846,13.545743647532028,6.581855050669257,3.919159552878181,-0.7185410083064663,-0.8999999999999998,0.1714798336035735,0.03738607346849874,stable,Y
CEPV,RIP,CEPV,RIP,0.7346158600375653,1.1807256284784442,1.2113522875970775,1.5817914317097,0.6988148736123875,0.36870562889165803,0.40106580323125574,-0.10206160209944393,0.0,0.8702770896215125,1.0,variable,Y
DVA,RIR,DVA,RIR,12.386264173982573,18.333418711972964,9.73094368940592,4.707188415525811,1.6936185884713868,6.5237958267571985,5.02375527388011,-0.7839409272384175,-0.8999999999999998,0.11657120959631323,0.03738607346849874,stable,Y
URX,RIR,URX,RIR,3.0637715185284082,4.351484152855919,3.548543905072368,3.7244918585479,9.065414403039366,2.4556131511135226,0.6269922943080193,0.8856271951940349,0.7,0.04562716086996611,0.1881204043741873,stable,Y
RIG,RIR,RIG,RIR,9.223753301834947,11.353902610615114,6.7730674527973,16.13528769764342,11.731507443321917,3.4656917839818857,2.130149308780167,0.30277993321332525,0.6,0.6204627295071775,0.28475697986529375,stable,Y
AVH,RIR,AVH,RIR,9.367434732746057,1.0362429921964227,9.281228661300975,14.606023145709301,21.924095119838316,7.696426087979189,5.238588412963244,0.7863961139496236,0.7,0.11463531159543712,0.1881204043741873,developmentally dynamic (strengthened),Y
IL2D,IL1D,IL2D,IL1D,0.9578931661435663,4.723602167370301,4.904121049007902,7.840829866136441,6.313551686597285,2.559610729114669,1.4094306375893835,0.7216445787155268,0.8999999999999998,0.16873791885688325,0.03738607346849874,developmentally dynamic (strengthened),Y
PVR,IL1D,PVR,IL1D,0.6828455743783639,20.78952527527489,4.353977424909126,7.029498938198281,0.49212636867764076,8.349645710351684,3.671131850530762,-0.270236471026308,-0.3,0.6601592002744687,0.6238376647810728,variable,Y
CEPD,IL1D,CEPD,IL1D,0.856416067260885,5.180213791669277,6.386152179101319,9.08654219652784,6.119267664048497,2.9872173856237323,0.9390538723792199,0.5954051989052842,0.7,0.28944724608337385,0.1881204043741873,developmentally dynamic (strengthened),Y
URB,IL1L/R,URB,IL1L/R,32.43089493950441,22.058273408990445,12.291584759912833,7.2746813913477535,1.967800899306299,12.148047105294028,9.766688649077611,-0.9262897093742979,-0.9999999999999999,0.02375554949426028,1.4042654220543672e-24,stable,Y
RMDL/R,IL1L/R,RMDL/R,IL1L/R,16.509449654637592,9.672534979412674,3.5359998084945525,2.8064575515240775,3.7735643684560864,5.857262464779422,0.967106816932009,-0.7636725822205136,-0.7,0.1329158428178462,0.1881204043741873,stable,Y
IL2V,IL1V,IL2V,IL1V,0.9074362807052659,2.9202344420413926,0.21970740797097468,1.6513620839883085,5.21809191267664,1.969740867933356,1.268872358053084,0.7412461988105677,0.49999999999999994,0.15172061993917868,0.39100221895577053,developmentally dynamic (strengthened),Y
CEPV,IL1V,CEPV,IL1V,0.4696387278444567,5.574146892315953,4.338832130887846,5.028766417989018,3.718263335442825,2.0026500918215775,0.6899342871011713,0.3880213166806757,0.09999999999999999,0.518649415630681,0.8728885715695383,developmentally dynamic (strengthened),Y
RIA,RIV,RIA,RIV,0.3004863450461645,0.7030946332247066,1.4657770795946994,1.5602789410449056,1.4433240707787456,0.5612777224744753,0.11695487026616003,0.7623170060611516,0.7,0.13403151937610433,0.1881204043741873,developmentally dynamic (strengthened),Y
OLL,RMDD,OLL,RMDD,1.0097798299182965,4.163737755143596,5.05943507981611,6.0409292825987215,5.204195863500871,1.9537890506365163,0.895697324672514,0.7121739380747986,0.8999999999999998,0.1771444942063252,0.03738607346849874,developmentally dynamic (strengthened),Y
OLQD,RMDD,OLQD,RMDD,8.233200615914255,15.303284679060974,18.268821182703807,33.51668309331241,14.832624161443558,9.401194756507575,2.9655365036428325,0.280464350906658,0.39999999999999997,0.6476401233054494,0.5046315754686911,stable,Y
URYD,RMDD,URYD,RMDD,7.647571527918701,19.85463205288813,22.99545536067016,15.532272220829512,18.684027198993753,5.842433909370462,3.1517549781642415,0.49419731128465877,0.19999999999999998,0.397412911160899,0.747060078104662,stable,Y
URYV,RMDD,URYV,RMDD,15.679093964154626,17.389483990672606,1.4363219286174136,17.30184113285991,17.192559662867556,6.947090707380673,0.19692432780504987,0.09673433512169596,0.09999999999999999,0.8770263779747778,0.8728885715695383,stable,Y
RIA,RMDD,RIA,RMDD,24.063071934727017,23.343353505490047,14.267985927391505,17.710334271773988,17.399225001481245,4.197635712820627,3.4423483443824825,-0.6191485617753814,-0.7,0.26543043598952054,0.1881204043741873,stable,Y
IL1L/R,RMDD,IL1L/R,RMDD,20.923966616543662,15.044442753657068,19.12530215792688,20.034849689090642,14.597751875300558,2.926265923162774,1.7986644586167841,-0.594723569396892,-0.6,0.2901447402484937,0.28475697986529375,stable,Y
IL1V,RMDD,IL1V,RMDD,34.08225425390595,28.869686176233916,27.618352852237315,37.192240738687914,24.221194079690633,5.19496250088668,4.648492096543283,-0.5642889856253404,-0.39999999999999997,0.321722398213868,0.5046315754686911,stable,Y
RIV,RMDD,RIV,RMDD,8.432906005847071,6.245032489429711,1.8488526704910075,1.5376176072419836,1.7348015257266078,3.1821631496402007,0.31123506324902395,-0.7890338528362046,-0.8999999999999998,0.11256636225183367,0.03738607346849874,stable,Y
RMDL/R,RMDD,RMDL/R,RMDD,5.771624386955629,5.536195778299983,1.4589338720257703,4.637078484820996,3.1250863451209248,1.8076890890135993,1.1345459021346338,-0.5371807083671127,-0.7,0.3505298455586215,0.1881204043741873,stable,Y
RMDV,RMDD,RMDV,RMDD,38.74475021795056,43.606198661069996,36.57330098616844,42.498832716061315,29.897870061582665,5.467051503318974,3.754082498110755,-0.692210606061283,-0.49999999999999994,0.19524069336956373,0.39100221895577053,stable,Y
RMED/V,RMDD,RMED/V,RMDD,11.597192531195224,3.6582003557119678,17.06543184761655,1.1656725324125503,0.36332316426790534,7.270402260593076,3.2948771914440624,-0.5379458929126488,-0.7,0.34970832405398145,0.1881204043741873,developmentally dynamic (weakened),Y
CEPV,RMDD,CEPV,RMDD,5.400346267945345,7.3890441382845005,7.059697885057191,6.295437497387037,5.649203257015703,0.8629653405474587,0.7642603876701539,-0.1494362328854232,0.0,0.8104424222699969,1.0,stable,Y
IL2L/R,RMDL/R,IL2L/R,RMDL/R,0.318766588122474,13.377702693184762,11.722738315440518,8.940519840661185,14.282291205786587,5.639030871266628,2.559552890346069,0.7102247769866799,0.6,0.1788891387305963,0.28475697986529375,variable,Y
OLL,RMDL/R,OLL,RMDL/R,0.19552327970219718,2.4687665929856357,4.553433678874182,3.371731488365795,13.198900537665642,4.981695808835496,1.1817021905083869,0.9630656759954932,0.8999999999999998,0.008473411682740597,0.03738607346849874,developmentally dynamic (strengthened),Y
RIA,RMDL/R,RIA,RMDL/R,16.999633721359746,14.69478049013682,18.894362780673873,20.607504541429552,23.960081506622174,3.5259441651108503,1.8947290593141268,0.8731897573382212,0.8999999999999998,0.053165149889114194,0.03738607346849874,stable,Y
RIM,RMDL/R,RIM,RMDL/R,20.609071409840652,21.294033211280745,20.15028848902048,24.99367362449722,26.968555095850387,3.0115644562651247,1.1437447222602657,0.8505309604825554,0.7,0.06779160373928768,0.1881204043741873,stable,Y
IL1L/R,RMDL/R,IL1L/R,RMDL/R,5.9608504517429495,12.884242890366393,3.515785434737854,9.757088172087137,14.930842961207624,4.725170328334934,3.7962377203441875,0.5979473537632591,0.49999999999999994,0.2868497963034854,0.39100221895577053,stable,Y
RIV,RMDL/R,RIV,RMDL/R,0.36754416430910125,3.108324210309113,0.5287404289587067,6.025646112361311,1.1409557625481512,2.3836597947907783,0.7734115982390499,0.08975828403211686,0.49999999999999994,0.8858698447985802,0.39100221895577053,variable,Y
RMDL/R,RMDL/R,RMDL/R,RMDL/R,21.151300953348294,26.163246140061347,27.129872848957937,17.086197802285184,16.526242637116052,4.942692012754899,4.625058316232241,-0.5357305794089458,-0.6,0.3520880424414927,0.28475697986529375,stable,Y
SMDD,RMDL/R,SMDD,RMDL/R,0.3385914011071985,0.8166248698006452,1.1019395438643023,1.8379718755179315,1.775324735362103,0.6389967269139242,0.6733851914978006,0.858546022400809,0.8999999999999998,0.06249139476315012,0.03738607346849874,stable,Y
AVK,RMDL/R,AVK,RMDL/R,5.85310630056667,9.130911852225948,13.723274320247542,11.09971698662202,16.944372693400517,4.2465359584898446,2.623557333625522,0.936668478341264,0.8999999999999998,0.0189493576390573,0.03738607346849874,stable,Y
RIS,RMDL/R,RIS,RMDL/R,2.7961540434545213,0.43485553411965194,1.7942745185387836,9.634185164729942,2.316948210315095,3.5976735741565093,0.5226736917763115,0.11439224134457017,0.19999999999999998,0.8546695509296405,0.747060078104662,stable,Y
RMG,RMDL/R,RMG,RMDL/R,60.94561376361611,68.4169024943708,60.44534150482212,38.89673820637001,35.0347699165967,14.811991900316974,7.971560989548685,-0.7971377688648342,-0.8999999999999998,0.1062815531519315,0.03738607346849874,stable,Y
OLL,RMDV,OLL,RMDV,1.132931845337555,3.4868670512441815,8.179574483356113,3.9073477592802517,7.566756865159956,2.959309218829427,2.774415913942697,0.7442813016238834,0.7,0.14913319332980526,0.1881204043741873,stable,Y
OLQV,RMDV,OLQV,RMDV,16.0901177675324,23.764008430378883,27.612022330115764,25.616624575948588,19.128184216742465,4.740328605152731,3.8480138997368805,0.10239904257594468,0.3,0.8698496980672102,0.6238376647810728,stable,Y
URYD,RMDV,URYD,RMDV,11.769573726674565,23.615651934092664,5.705384667019032,23.25000999026604,16.523523738243444,7.657694474559459,6.726486252022596,0.1316481507994118,0.09999999999999999,0.8328658108611854,0.8728885715695383,stable,Y
URYV,RMDV,URYV,RMDV,13.644911404094843,25.635914549895183,24.69501245888258,20.301997944787267,21.155231492696725,4.735925019772933,3.5397809661858552,0.3318216797851805,0.09999999999999999,0.5853979468400013,0.8728885715695383,stable,Y
RIA,RMDV,RIA,RMDV,21.805224407173288,19.925020611632622,14.586116391269934,18.583988121780465,16.073540593425317,2.90269848651432,2.5104475283551473,-0.6910683178519728,-0.7,0.1962911279905546,0.1881204043741873,stable,Y
IL1D,RMDV,IL1D,RMDV,33.70468040169888,23.179462545793815,28.97846249982346,27.586996442874163,29.678334377440873,3.8002937339868432,1.391466056949298,-0.1270877872255352,-0.09999999999999999,0.8386234474697462,0.8728885715695383,stable,Y
IL1L/R,RMDV,IL1L/R,RMDV,20.437300866927284,21.947973453823323,19.88368996082192,19.32156160563646,11.818086004589718,3.9596109813616494,0.5621283551854575,-0.8925517444407205,-0.8999999999999998,0.04159168725653793,0.03738607346849874,stable,Y
RMDD,RMDV,RMDD,RMDV,49.24236253969098,35.39454585677503,47.85888450460381,46.774207090424454,37.29100367022846,6.4569480638899135,2.4681554492665256,-0.46870802125780614,-0.39999999999999997,0.4258566070123328,0.5046315754686911,stable,Y
RMDL/R,RMDV,RMDL/R,RMDV,3.8250039333881056,5.4021259315662125,4.5501390558209796,1.48195131832683,1.5315803355005086,1.7799653328793563,1.5771219981781068,-0.6649732025945144,-0.6,0.220710793624714,0.28475697986529375,stable,Y
RMED/V,RMDV,RMED/V,RMDV,21.83737130977505,8.255998325712083,6.507331861480487,7.037061277822197,0.3010065535149191,7.919365637260273,1.2189370478898862,-0.8916871991364557,-0.8999999999999998,0.042089015770546745,0.03738607346849874,developmentally dynamic (weakened),Y
CEPD,RMDV,CEPD,RMDV,4.339008611474245,7.047193847350306,8.242310909095247,5.287451668943144,4.320803468853944,1.7388492754738933,0.9666482000892005,-0.20157717035341013,-0.3,0.7450928587476069,0.6238376647810728,stable,Y
RMG,RMDV,RMG,RMDV,29.823568621384254,10.687031499739035,6.572881968107754,18.77239843574316,14.693681789758504,8.909566413516952,4.078716645984656,-0.40934867626556454,-0.19999999999999998,0.49374670904479123,0.747060078104662,stable,Y
IL2D,RMED/V,IL2D,RMED/V,16.593610864382665,21.332292229157833,5.717719563876865,7.244190856290708,6.134768344829788,7.122247638987423,1.5264712924138433,-0.6772655869840911,-0.6,0.20910806673939528,0.28475697986529375,stable,Y
IL2V,RMED/V,IL2V,RMED/V,12.524452488515061,4.301872084364129,9.603354352530346,7.927055144882909,3.01067572639956,3.8804038773151373,3.62518306051878,-0.7292727899270696,-0.7,0.16205318266079075,0.1881204043741873,stable,Y
SMBD,RMED/V,SMBD,RMED/V,12.86913738000996,14.116204174504688,2.7909646735700546,9.098251609624448,8.876068107586748,4.421812772495814,3.7708857703855116,-0.3822287898143565,-0.6,0.5254557805464604,0.28475697986529375,stable,Y
SMBV,RMED/V,SMBV,RMED/V,7.242026866429447,9.645148767911065,7.0855900523046955,8.334760402474847,11.90018625247882,1.9937234006613977,1.2491703501701519,0.7793908901365585,0.49999999999999994,0.12018444695851294,0.39100221895577053,stable,Y
URAD,RMED/V,URAD,RMED/V,2.2481492054887244,3.79023911971844,11.8945201754603,5.930934354302758,5.717438408534551,3.6658676214347534,1.9271992888161105,0.3160299212151016,0.6,0.6044202888467466,0.28475697986529375,stable,Y
URAV,RMED/V,URAV,RMED/V,6.159473788115083,4.7979343082499755,11.721781880371427,2.7433760048954494,5.864264248788485,3.3354916929212974,1.0663299405385098,-0.05609076190108907,-0.3,0.9286204899130983,0.6238376647810728,stable,Y
IL2D,RMEL/R,IL2D,RMEL/R,34.997381885871604,47.921351121273574,36.72973516818191,21.79060023577665,21.504309447816077,11.152385210422679,12.92396923540197,-0.6576331305927126,-0.7,0.22772110605901016,0.1881204043741873,stable,Y
IL2V,RMEL/R,IL2V,RMEL/R,45.3837557368424,47.18964507134471,45.42682607330576,28.318759045625757,23.684591822307567,11.09937504988812,1.8058893345023037,-0.8381140496295011,-0.7,0.07626234034987467,0.1881204043741873,stable,Y
IL1D,RMEL/R,IL1D,RMEL/R,12.898479010532114,7.8463904121812105,6.58799972445097,9.572486091956481,2.407807539042518,3.862104907177246,1.7260956797752707,-0.8999104115016023,-0.7,0.03743580493896286,0.1881204043741873,stable,Y
IL1V,RMEL/R,IL1V,RMEL/R,14.815856803716665,8.740994525636896,3.2773498237409644,8.61823440778102,7.445357814275138,4.132759428978738,1.1728765935058822,-0.5315506198737575,-0.7,0.3565889878370211,0.1881204043741873,stable,Y
URAD,RMEL/R,URAD,RMEL/R,25.837367800681207,12.15236064637454,17.39897113138886,17.95771651321807,11.577782726263441,5.746180619125932,5.246610485014319,-0.706254841426331,-0.6,0.1824575907714098,0.28475697986529375,stable,Y
URAV,RMEL/R,URAV,RMEL/R,26.878323416023026,12.029355124134701,17.618763493490714,18.57399267688641,14.897729582755554,5.58059398379689,2.7210339107351604,-0.546292597286747,-0.3,0.3407781937588426,0.6238376647810728,stable,Y
RIA,SIAD,RIA,SIAD,2.0066343058075558,2.6853769813393122,2.5450860447368653,1.856879691276345,2.5919218330220364,0.3772626092168111,0.14029093660244696,0.3418167364152872,0.0,0.5734155034546592,1.0,stable,Y
RIM,SIAD,RIM,SIAD,0.43767662504753096,0.847747504939775,0.6904044169166971,0.35189335691362994,0.24032813964420197,0.24975250916788366,0.197348485403329,-0.5307996504668545,-0.7,0.3573991092217402,0.1881204043741873,variable,Y
RIA,SIAV,RIA,SIAV,2.7445577160316414,2.0867057110790026,2.0811840539739332,1.197737785711192,2.407520556166787,0.5754495468335634,0.3208148450877846,-0.18763045946299925,-0.39999999999999997,0.7625107208230892,0.5046315754686911,stable,Y
OLQV,SIBD,OLQV,SIBD,9.091616033710487,16.439561162914544,19.617919053788366,15.040700680973298,17.289050962219846,3.947118800446862,1.3988604819412451,0.5998522801542033,0.49999999999999994,0.28490745648215965,0.39100221895577053,stable,Y
OLQD,SIBV,OLQD,SIBV,11.493558727618469,16.078943440975635,13.251865018161036,11.9513072885023,18.021729513968623,2.8021527045732055,1.758306290542567,0.697463223709867,0.6,0.1904310375799478,0.28475697986529375,stable,Y
RMG,SIBV,RMG,SIBV,1.315927255051042,11.664657802632341,1.1159062538085154,0.33049404993701653,2.5508364678822986,4.690625202191639,0.9854332051140253,-0.17082424889595346,-0.19999999999999998,0.7835622996492448,0.747060078104662,variable,Y
AIZ,SMBD,AIZ,SMBD,8.343896513847417,9.524964802327307,6.724226556790246,9.557530339009498,11.986017169982446,1.9270414638173756,1.1810682884798904,0.6940702469355275,0.7,0.19353400079777633,0.1881204043741873,stable,Y
ADF,SMBV,ADF,SMBV,1.2500842615280412,9.490729667421279,4.06724291252952,1.867452136500983,3.565056183700676,3.2573007480400773,1.6976040471996927,-0.034309878494283894,0.09999999999999999,0.9563238781422909,0.8728885715695383,stable,Y
AWB,SMBV,AWB,SMBV,2.6645795459329764,5.682331980961291,0.4909313772835079,3.7873838670522275,1.7102801310275375,1.9873271981308012,1.122804321119251,-0.32421296046392634,-0.3,0.5945496363243091,0.6238376647810728,variable,Y
AIZ,SMBV,AIZ,SMBV,7.844124682235662,12.662665135203238,10.320420555892278,9.652741788971113,12.083898780134932,1.9357691882413484,1.7634782242426539,0.565317536138552,0.3,0.32064169015481897,0.6238376647810728,stable,Y
AVH,SMBV,AVH,SMBV,0.40469656031562545,16.141615171161938,3.8748900804356237,7.488063182067256,13.637168669774589,6.567962436829787,6.149105487707333,0.5270456211795864,0.39999999999999997,0.3614555594992846,0.5046315754686911,variable,Y
OLL,SMDD,OLL,SMDD,15.903478492610356,19.3293856308936,19.26840564480062,18.358746910820777,10.848289868146148,3.575265630753852,0.9706387200728237,-0.6429368000189943,-0.39999999999999997,0.2419360096767855,0.5046315754686911,stable,Y
SAAV,SMDD,SAAV,SMDD,6.559275841190008,7.006367833373151,3.186403530082773,15.197111281281247,6.810486385018886,4.448015265982994,0.2512105438288783,0.10623861887997256,0.3,0.8649876739419257,0.6238376647810728,stable,Y
URYD,SMDD,URYD,SMDD,50.02382632261568,31.362339312019415,57.32180446116539,32.757700411838854,38.52892377937354,11.28901868716532,7.166584467354127,-0.2708029144026118,-0.09999999999999999,0.6594648731986222,0.8728885715695383,stable,Y
AIB,SMDD,AIB,SMDD,10.072844285260464,7.642902802842695,11.699404782224859,15.801525149148205,11.347727446160146,2.97089936838282,1.274883160899682,0.338111613848635,0.6,0.5778520263602895,0.28475697986529375,stable,Y
RIA,SMDD,RIA,SMDD,10.832992577516919,13.334464368769547,11.558952469662099,13.814495628892844,12.756975566565371,1.2396148327661738,1.0575200623274732,0.45126057852795043,0.49999999999999994,0.44558130325167056,0.39100221895577053,stable,Y
RIM,SMDD,RIM,SMDD,12.741717838862137,13.286498483892158,16.203582893733657,10.811626365818727,7.853101683672098,3.0953020110598692,1.9300914730434098,-0.6729760507615421,-0.6,0.2131371231033009,0.28475697986529375,stable,Y
RIV,SMDD,RIV,SMDD,2.299086112656258,1.2600759264884858,5.227930840175905,1.99104827566451,0.8703710918010249,1.7167629950251584,0.7309723491760243,-0.2822786808198222,-0.49999999999999994,0.6454233766813201,0.39100221895577053,stable,Y
RMED/V,SMDD,RMED/V,SMDD,12.254510557330681,13.401254800621079,8.65457833784666,4.015641989023249,2.775832525301944,4.759913869854796,4.638936348823411,-0.8579236644608583,-0.8999999999999998,0.06289810518642408,0.03738607346849874,stable,Y
SMDV,SMDD,SMDV,SMDD,15.648068629883701,16.082812058020004,13.53237988581561,15.60066689771843,19.79090580838637,2.2729130539857394,0.4347434281363025,0.6916272375610821,0.19999999999999998,0.1957769533123653,0.747060078104662,stable,Y
RIC,SMDD,RIC,SMDD,21.350829698732777,17.879024741611143,11.759691368768493,21.958344822798697,16.387552584263858,4.134135331510693,3.471804957121634,-0.318399148109613,-0.19999999999999998,0.6015594918716836,0.747060078104662,stable,Y
RIS,SMDD,RIS,SMDD,5.970752831665237,2.986840745705231,7.902134662665435,2.2607458049992646,1.7621742281471002,2.6464159286108604,1.2246665175581306,-0.5492686749854734,-0.7,0.33760801801402,0.1881204043741873,stable,Y
OLL,SMDV,OLL,SMDV,16.184152175387936,19.17311795825249,15.80960258006241,17.555944376705153,12.725894196958832,2.3905971854477537,1.3717922013172164,-0.678062512052624,-0.49999999999999994,0.20836190248554057,0.39100221895577053,stable,Y
SAAD,SMDV,SAAD,SMDV,7.289209041237997,8.626605854558553,4.321256306208579,5.155216924035115,7.53304340599575,1.7840730276739274,1.3373968133205567,-0.06298995301172089,-0.09999999999999999,0.9198517687536273,0.8728885715695383,stable,Y
URYV,SMDV,URYV,SMDV,47.55256983870535,35.12331083605548,50.000896024396724,36.687310698421946,27.478113724210644,9.308847098628766,9.209196974211302,-0.7245813518246863,-0.49999999999999994,0.16615513529817236,0.39100221895577053,stable,Y
AIB,SMDV,AIB,SMDV,7.552222703338418,10.57798088170032,9.6053633116693,7.47359493534592,6.501483520442977,1.6853095949606192,1.050739182895441,-0.4753477305354229,-0.7,0.4184037742551173,0.1881204043741873,stable,Y
RIA,SMDV,RIA,SMDV,11.556816305696378,13.815172652073393,15.565337423775855,15.360333722230529,13.293038027750512,1.640913345142211,1.5451610701571354,0.3050084538785476,0.3,0.6177594840670417,0.6238376647810728,stable,Y
RIB,SMDV,RIB,SMDV,1.703996182822572,7.074095154870519,10.945031609626923,3.694686409436982,5.657539688699783,3.511531744026802,1.9628532792628013,0.23352951087521467,0.19999999999999998,0.7053861577369082,0.747060078104662,stable,Y
RIM,SMDV,RIM,SMDV,14.633654238071776,8.027534760203837,11.195266185160008,11.48280719547573,7.588920908906877,2.876073715268833,3.1677314249561714,-0.6962817603255282,-0.6,0.19150990373483748,0.28475697986529375,stable,Y
RIV,SMDV,RIV,SMDV,1.7980134453732013,6.65568799066108,2.0623077437202397,1.8587935482302536,1.2439659935517329,2.218813915051054,0.20351419548998617,-0.3582136556276862,-0.39999999999999997,0.5538591901164274,0.5046315754686911,stable,Y
RMED/V,SMDV,RMED/V,SMDV,9.88757337980182,10.291465374239097,0.3135060496217375,6.052296414748565,2.5076549565894197,4.412645788154703,3.8352769650532545,-0.6577152567875244,-0.6,0.2276423359897487,0.28475697986529375,stable,Y
SMDD,SMDV,SMDD,SMDV,30.949333368450613,22.30859515349914,8.21539608847689,19.38843912949246,21.447642493155016,8.147045571926109,2.0592033636625544,-0.3396856078097634,-0.6,0.5759665503826059,0.28475697986529375,stable,Y
RIC,SMDV,RIC,SMDV,2.8799269453412104,11.560425295294483,6.420952063739711,14.661129155017402,5.3828275499611244,4.80732520502508,3.5410251183985006,0.07967753095258537,0.3,0.8986588604215284,0.6238376647810728,variable,Y
IL2D,URAD,IL2D,URAD,3.4813121330175782,4.093983602808274,7.855333706004982,8.253496689269726,10.303033316081239,2.9083416750225064,2.4476996100762562,0.9244927416537032,0.9999999999999999,0.024622715031950335,1.4042654220543672e-24,stable,Y
IL2V,URAV,IL2V,URAV,4.1350110201891015,2.3216706547960055,7.084082796325895,12.069739814997963,12.402065470262293,4.559919271829461,4.7624121415298895,0.8101944939464274,0.8999999999999998,0.09638929456885541,0.03738607346849874,stable,Y
CEPV,URAV,CEPV,URAV,0.22385427312934705,0.4282035950065286,2.7409883224935268,6.9510143877253805,4.174192269244478,2.798706621282475,2.3127847274869984,0.6245515124054559,0.8999999999999998,0.26004306241128405,0.03738607346849874,developmentally dynamic (strengthened),Y
FLP,ADE,FLP,ADE,29.132009195413065,7.392061207680713,8.46321687350415,1.8647048678433211,1.914153102817671,11.252291882073726,5.477908104863042,-0.7759017775859025,-0.7999999999999999,0.12297743139446386,0.10408803866182788,stable,Y
PVT,AVK,PVT,AVK,35.91740347788732,42.10381093246522,39.58402674328246,20.91359278630985,29.944144938435723,8.481760867489845,5.973258539451596,-0.44176113985960147,-0.6,0.4564036368209658,0.28475697986529375,stable,Y
RIG,AVK,RIG,AVK,23.53132209671652,38.5293950356521,29.758011003844214,29.219627004904602,22.042948426765683,6.500055996903463,5.688304908188083,-0.3405886124840058,-0.39999999999999997,0.5748853615103192,0.5046315754686911,stable,Y
RIS,AVK,RIS,AVK,1.3701334565403265,8.301798728660621,7.592902736905308,7.719474164128578,13.973949324006925,4.465469213888784,0.5823245645320432,0.9397805521619608,0.7,0.017578293079675043,0.1881204043741873,developmentally dynamic (strengthened),Y
ALM,CEPD,ALM,CEPD,38.299902275523934,30.194507471967825,26.628811253426555,22.9337871204127,15.126236951860003,8.586190466719096,3.695024133013856,-0.9815033627280129,-0.9999999999999999,0.003011371957146803,1.4042654220543672e-24,stable,Y
OLL,CEPD,OLL,CEPD,3.2048200687672836,3.8858451832279886,3.5071555360397224,0.9658413170406794,4.2522785223812525,1.2900320645746575,0.37868964718826614,0.16979614272722887,0.3,0.7848522008119833,0.6238376647810728,stable,Y
URB,CEPD,URB,CEPD,6.711485416230862,5.182759842880298,7.30044252356004,4.039105968565473,2.7101897878080727,1.8869914187305736,1.528725573350564,-0.785076151245801,-0.7,0.11567488384129765,0.1881204043741873,stable,Y
RIA,CEPD,RIA,CEPD,0.27857052598975307,0.33008983713636403,2.9776261192066458,0.5817007703877797,0.13286048932209718,1.1947162403849856,0.19722934781426685,-0.07647800354411935,-0.09999999999999999,0.9027201873910672,0.8728885715695383,stable,Y
RIH,CEPD,RIH,CEPD,2.4682102963614803,5.518187692691399,0.5065782832763066,5.906485298560144,5.228119626520972,2.3436346619650874,0.6783656720391713,0.3743652860712673,0.3,0.5347238135631747,0.6238376647810728,stable,Y
RIS,CEPD,RIS,CEPD,8.18309169248585,6.069877664370367,4.839836746848667,9.313450220384233,3.5563647669079943,2.3609680327012517,2.1132140281154825,-0.6033903216899832,-0.39999999999999997,0.28130913085436166,0.5046315754686911,stable,Y
ALM,CEPV,ALM,CEPV,14.809926611236042,23.517865064106246,23.133342254860324,17.20790626795969,13.649310525117015,4.622109019941218,3.558595742842675,-0.32728215384613396,-0.39999999999999997,0.5908549647396639,0.5046315754686911,variable,Y
OLL,CEPV,OLL,CEPV,4.1378304506376775,9.111729431810836,2.79193710183778,2.424783571756469,2.7532178955479005,2.7993985112959594,0.3671535300813109,-0.4215234873331421,-0.7999999999999999,0.4796463696934448,0.10408803866182788,stable,Y
URB,CEPV,URB,CEPV,0.8125855156631833,0.8373434079682893,4.628899555762075,2.2102757122997483,1.741663382422014,1.5631010309162587,0.9043199744537247,0.2272318120133644,0.6,0.713188930197182,0.28475697986529375,variable,Y
AIN,CEPV,AIN,CEPV,0.9301105312605288,2.8391665979003866,1.5491076660093657,0.7211594832146564,5.5707135713260785,1.9949317255557715,0.8279481827947093,0.7705818223706602,0.3,0.12727260189163803,0.6238376647810728,variable,Y
RIA,CEPV,RIA,CEPV,1.2512341815390116,0.7169926411627286,1.5616850185751114,0.2511533859007928,0.34557518727800723,0.5690328490172979,0.46583925526193587,-0.5849012829935732,-0.6,0.3002438432141334,0.28475697986529375,stable,Y
RIS,CEPV,RIS,CEPV,12.946288835261292,10.534445200913236,10.713034104486374,9.72831700145966,4.037502879056181,3.326679822586603,0.8061281994535765,-0.9745817888824858,-0.8999999999999998,0.004846057100664062,0.03738607346849874,stable,Y
PVT,DVC,PVT,DVC,3.3816460731429108,2.04404936294984,12.379088655848417,5.268686023179838,16.137684837643306,6.114255753882643,3.224636660229998,0.8185610886169954,0.7999999999999999,0.09020733004700515,0.10408803866182788,variable,Y
RIG,DVC,RIG,DVC,0.8867484284112197,8.063243155586465,1.6570946435580194,0.13463249574311117,3.1553976081203925,3.1581983442919093,1.498302964562373,-0.009487149027596654,0.0,0.9879207678969875,1.0,variable,Y
ASJ,PVQ,ASJ,PVQ,84.60946838233656,91.66208307680273,87.5566031077175,94.59199662905074,90.43848927531221,3.834341704237792,2.8818861675947005,0.4661106672487621,0.49999999999999994,0.4287801768755568,0.39100221895577053,stable,Y
OLQD,RIC,OLQD,RIC,50.87911312805702,30.94546000188475,32.851389253934094,30.708969233069627,27.5378758333747,9.306386957504595,1.9059292520493436,-0.7724019078792044,-0.8999999999999998,0.12579817936141627,0.03738607346849874,stable,Y
OLQV,RIC,OLQV,RIC,37.39660684519105,18.57178944682552,15.792178352685266,23.37337716485465,32.02562908490631,9.094700924679866,7.581198812169383,-0.009652039324748896,-0.09999999999999999,0.9877108326636416,0.8728885715695383,variable,Y
URB,RIC,URB,RIC,1.9212186613321138,4.93874375921764,4.629897469482711,4.9107976788124414,9.803738972289871,2.8466372136172367,0.28090020932973037,0.9687867126899878,0.7,0.006588692744664975,0.1881204043741873,developmentally dynamic (strengthened),Y
URX,RIC,URX,RIC,10.511650837881879,8.13968353485947,3.098813856305096,6.786630495482264,10.12341643429619,2.9988195403331637,1.9837328994367205,0.02942339765069074,-0.3,0.9625423727910274,0.6238376647810728,stable,Y
ADA,RIC,ADA,RIC,10.78837357412329,4.607692696341314,4.291609361603036,0.7804193475293194,0.7342515421945569,4.1011592065703155,3.5111900140737164,-0.8439386361291139,-0.9999999999999999,0.07225034302800586,1.4042654220543672e-24,stable,Y
CEPD,RIC,CEPD,RIC,33.38718246609151,31.281904395694944,25.427677598430705,30.639376543075425,31.68409750034693,3.003992840945289,0.6425278526195193,-0.1324786857675882,-0.3,0.831817603022488,0.6238376647810728,stable,Y
CEPV,RIC,CEPV,RIC,50.82948231404899,31.28670407045454,34.487293248014524,28.189268266967876,28.952281218926135,9.317589870994775,3.0974358034866647,-0.7304688302381156,-0.7999999999999999,0.1610121882190588,0.10408803866182788,stable,Y
PVC,RID,PVC,RID,6.769797652720506,4.99243036672301,0.33893880481191535,8.122798764012858,3.874976576991852,2.9880136075133223,1.7773672859974958,-0.24787078308003568,-0.19999999999999998,0.6876633029648016,0.747060078104662,stable,Y
RIB,RIS,RIB,RIS,6.734969029861126,4.147139781844532,1.2989059379808936,0.6845808200728485,1.8819227724245844,2.4878784942717407,1.197341952351736,-0.6973483252186713,-0.7,0.190535882549793,0.1881204043741873,stable,Y
URX,RMG,URX,RMG,0.20975151028720215,1.4330610995476796,0.35868211758293533,1.3335887593325129,0.5409739203609588,0.5684760833717246,0.33122241007375663,0.048969551409816875,0.3,0.9376749590090419,0.6238376647810728,variable,Y
RIG,RMG,RIG,RMG,20.039700305600658,4.826366421993774,10.790097323620035,1.0409302346708318,0.06511894944014049,8.247807485476867,4.761247472553634,-0.7935039716105271,-0.8999999999999998,0.10908619146287894,0.03738607346849874,stable,Y
IL1D,BWM01D,IL1D,BWM01D,19.80556047298214,13.762228641891157,15.768855292659875,10.947247819498878,24.024507439958914,5.141835804307566,4.036705180322265,0.39312531828025465,0.09999999999999999,0.5126669812665833,0.8728885715695383,stable,Y
RMDD,BWM01D,RMDD,BWM01D,19.728558490603852,17.939851455718266,16.046027963037513,11.528100033240777,12.28965009416982,3.5430868328588456,3.682530527566339,-0.8314183196432037,-0.8999999999999998,0.08095629675843105,0.03738607346849874,stable,Y
RMED/V,BWM01D,RMED/V,BWM01D,21.407890497147275,24.681262509074315,30.078641250847337,25.03971230249984,24.57857983023859,3.1166098122566677,0.35844979342552463,0.2727361215486113,0.3,0.6570960804542959,0.6238376647810728,stable,Y
SMBD,BWM01D,SMBD,BWM01D,12.349483561664513,13.17800454550795,6.581631468139569,11.273316659624939,14.538687841496586,3.040444483492129,1.0761669020395743,0.2586520325535713,0.19999999999999998,0.6743837962100038,0.747060078104662,stable,Y
SMDD,BWM01D,SMDD,BWM01D,13.806379465773418,14.167533452614695,12.365970591732674,4.137377768145136,3.227832024685858,5.399860084454642,1.8015628608820204,-0.8350032812956134,-0.8999999999999998,0.07843233766863758,0.03738607346849874,stable,Y
URAD,BWM01D,URAD,BWM01D,20.611371326159638,27.05869436839114,22.562396097185868,23.444654992429783,23.87613563371475,2.3468892295086463,0.8822588952439148,0.24619692223463527,0.39999999999999997,0.6897284751108774,0.5046315754686911,stable,Y
IL1V,BWM01V,IL1V,BWM01V,12.086566280887382,14.913981835582076,19.723956711766945,13.876202441217405,18.80882329498161,3.2669758975504566,2.827415554694694,0.674843110178338,0.49999999999999994,0.21138080546358107,0.39100221895577053,stable,Y
RMDV,BWM01V,RMDV,BWM01V,16.52511610075192,18.534869010167416,16.248342697227823,12.606580771188447,14.15439066181086,2.2879591736345435,2.0939520354169634,-0.5760335105099279,-0.7999999999999999,0.30943768557673923,0.10408803866182788,stable,Y
RMED/V,BWM01V,RMED/V,BWM01V,13.478468841192162,23.844205134408732,26.933078301967633,23.299405406297836,23.616134397498026,5.108297347805216,0.3167289912001898,0.5629745555480647,0.19999999999999998,0.32310482246711036,0.747060078104662,stable,Y
SMBV,BWM01V,SMBV,BWM01V,17.08680369695357,9.381725989467212,7.416439584997948,16.32017213111981,12.322186534493255,4.219898423801174,3.997985596626556,-0.18788525844754564,-0.19999999999999998,0.762192070380848,0.747060078104662,stable,Y
SMDV,BWM01V,SMDV,BWM01V,17.5062010722864,7.0164958124912715,10.082220567435243,5.202058103769685,7.9087493763833265,4.785423311725969,2.1734711910519167,-0.5968727081836808,-0.49999999999999994,0.28794707008759846,0.39100221895577053,stable,Y
URAV,BWM01V,URAV,BWM01V,18.663319143445303,20.098291499311465,13.711297884752502,23.40334030624785,18.871364202649143,3.4886667032536285,1.2269272966623213,0.05529557714037216,0.3,0.9296313791601499,0.6238376647810728,stable,Y
IL1D,BWM02D,IL1D,BWM02D,10.772673975057293,20.268069631194045,25.31949708266788,22.262546689185385,24.49814937440091,5.850574163763858,2.2356026852155253,0.7545853359697627,0.7,0.14044723435314152,0.1881204043741873,stable,Y
IL1L/R,BWM02D,IL1L/R,BWM02D,16.544735779922277,18.802635306023856,19.467103135844365,21.892473836414197,15.642941220374858,2.475736846343892,2.2578995261015784,-0.17341149629509522,0.0,0.7803172761464571,1.0,stable,Y
RMDD,BWM02D,RMDD,BWM02D,22.830092472094936,19.866482243612275,8.840965382284086,10.100928311995672,11.584406267955814,6.28415177322485,2.7434408856717276,-0.6849635911458611,-0.6,0.20193176794863577,0.28475697986529375,stable,Y
RMDL/R,BWM02D,RMDL/R,BWM02D,4.497428365260649,0.13203763684713357,1.4247147783610277,2.012953328560154,2.482879594083737,1.5992359419720743,0.5882385501991265,-0.19573064069262414,0.0,0.7523885184768373,1.0,stable,Y
RMEL/R,BWM02D,RMEL/R,BWM02D,35.94102833006019,44.22341993908474,41.45136172326913,57.55217085998186,38.52453067693071,8.427183643264915,2.926831046338421,0.10192939190924286,0.3,0.8704445469719897,0.6238376647810728,stable,Y
SMBD,BWM02D,SMBD,BWM02D,8.03812097854661,3.6293961993705217,3.4368269323006864,6.584110753716588,2.038566350348807,2.4752598369522434,1.5908298490217145,-0.7154866119835512,-0.7,0.17419067623483106,0.1881204043741873,stable,Y
URAD,BWM02D,URAD,BWM02D,15.307716999509585,20.871877636436867,15.869555388903708,21.555949340707905,13.771986409635865,3.5064156193394953,2.0975689792678427,-0.28282059539382,-0.09999999999999999,0.6447615047499046,0.8728885715695383,stable,Y
IL1L/R,BWM02V,IL1L/R,BWM02V,22.410853792278626,24.143970137842967,23.583083501168513,24.33319258543562,30.70368555857172,3.2563272506857577,0.5608866366744536,0.9355947569372485,0.8999999999999998,0.019430098195490388,0.03738607346849874,stable,Y
IL1V,BWM02V,IL1V,BWM02V,12.681804453907318,5.9161620785536035,20.150100934661356,13.339265992519511,26.154790316729414,7.7378742679719785,6.810834942141845,0.7624068202501653,0.7999999999999999,0.13395751444757958,0.10408803866182788,stable,Y
RMDL/R,BWM02V,RMDL/R,BWM02V,7.638763048780267,3.8148099935761364,3.177659531897805,5.424686941347645,6.243436724202171,1.808141249894513,1.6098769477715082,-0.05864364773405359,-0.09999999999999999,0.9253754085971277,0.8728885715695383,stable,Y
RMDV,BWM02V,RMDV,BWM02V,30.19080831281254,21.800226995599324,9.413693871056516,14.044138256277346,9.358878607480065,8.96811165049728,4.685259648797281,-0.823355778471725,-0.8999999999999998,0.08672160059871639,0.03738607346849874,stable,Y
RMEL/R,BWM02V,RMEL/R,BWM02V,57.68714064746056,55.77658006091526,54.84138404404605,37.36211226751949,51.01415282069455,8.181023464227748,2.8457566034145074,-0.38848813647248137,-0.8999999999999998,0.5181016695667818,0.03738607346849874,stable,Y
SMBV,BWM02V,SMBV,BWM02V,8.471839822402751,5.6484192228547085,5.5336267393328,8.177323664597564,2.1830124592196043,2.537774465111759,2.5289044417428554,-0.8066961982701906,-0.7,0.09901087891133413,0.1881204043741873,stable,Y
URAV,BWM02V,URAV,BWM02V,25.496150925141237,28.9648516585257,25.745588594582824,21.74030596380801,28.181541144792988,2.82885799308632,2.435952550210164,0.15924724920278402,0.0,0.7981003826526337,1.0,stable,Y
RMDD,BWM03D,RMDD,BWM03D,5.453779613990744,13.0541231082029,10.333981041915212,11.522343641451466,12.627184518260325,3.06338255408311,1.1883625995362532,0.6651941790138914,0.39999999999999997,0.2205006857984112,0.5046315754686911,stable,Y
RMED/V,BWM03D,RMED/V,BWM03D,5.173327399773498,4.851192342606607,7.290879273000371,15.403113774714791,17.14776781406856,5.8614625053618585,2.439686930393764,0.8623628030200927,0.8999999999999998,0.06001527882265318,0.03738607346849874,stable,Y
SMBD,BWM03D,SMBD,BWM03D,10.358410655590587,15.56550583462027,25.596459783810527,17.533588401498413,15.575019856913988,5.530717806937931,1.9585685445844252,0.2634045883845445,0.6,0.6685424466784189,0.28475697986529375,stable,Y
SMDD,BWM03D,SMDD,BWM03D,15.398718447985848,15.750554367984204,14.4848006542637,16.216747198388514,9.041351816834018,2.9410394065532595,0.8180287504026662,-0.8283473283451446,-0.3,0.08313788440654966,0.6238376647810728,stable,Y
RMDV,BWM03V,RMDV,BWM03V,4.7839726622505365,13.750824782051444,14.11800189470123,12.413297076535518,10.00461954189696,3.837810554018644,1.7047048181657125,0.2922956080847071,0.09999999999999999,0.6332071384289069,0.8728885715695383,stable,Y
RMED/V,BWM03V,RMED/V,BWM03V,1.5168202145221026,7.368079013129974,2.209242297678871,14.967499003507184,23.81334965647023,9.421634711146748,5.851258798607872,0.8967066301784381,0.8999999999999998,0.03922803468137163,0.03738607346849874,stable,Y
SMBV,BWM03V,SMBV,BWM03V,12.055719454306347,17.170410627604426,21.008450821528125,16.42758224200805,21.035256306152085,3.7315669996519727,3.8380401939236997,0.7747833351241318,0.7,0.12387677388207792,0.1881204043741873,stable,Y
SMDV,BWM03V,SMDV,BWM03V,14.627077315034176,16.471335527046044,19.051138742442966,13.672693854004587,11.306604410658126,2.920411649086157,1.8442582120118676,-0.5506092525017033,-0.6,0.33618242686932764,0.28475697986529375,stable,Y
RIM,BWM04D,RIM,BWM04D,2.2139277240028346,1.480840080825694,1.2794639952967217,3.189507714008245,5.546790747112525,1.7374917602978381,0.9344637287061128,0.8207979521512465,0.6,0.08857589890615881,0.28475697986529375,stable,Y
RMDD,BWM04D,RMDD,BWM04D,2.1410444658916736,13.744997335691531,11.915248906246704,12.222893341883749,14.927175375342456,5.0934145094882455,1.5221039938077823,0.7490757652109312,0.7,0.1450725905572616,0.1881204043741873,stable,Y
RMDL/R,BWM04D,RMDL/R,BWM04D,4.4988976811486205,1.0562450889927912,0.47048350837979247,7.378556544739534,7.9455554764785425,3.463732531004996,3.442652592155829,0.5557990986006061,0.6,0.33067774261033256,0.28475697986529375,stable,Y
SMBD,BWM04D,SMBD,BWM04D,8.205471994065471,7.109960301867679,16.244068926171447,8.702075917961292,8.83739133806693,3.6549607124599213,0.49660392389582064,0.07364447038223738,0.6,0.906317774871138,0.28475697986529375,stable,Y
RIM,BWM04V,RIM,BWM04V,2.0207889711814278,2.190737618654124,3.229610902706212,2.6079354967359265,6.1102966828096585,1.6752099443031292,0.5871465255544988,0.9303656807289549,0.8999999999999998,0.02182628573821093,0.03738607346849874,stable,Y
RMDL/R,BWM04V,RMDL/R,BWM04V,1.3688855546118563,0.7560540852659263,4.197211666397511,7.855939080441769,5.520448617850101,2.9430721707537284,2.828326111785654,0.6481555352364615,0.7999999999999999,0.23686132798417922,0.10408803866182788,developmentally dynamic (strengthened),Y
RMDV,BWM04V,RMDV,BWM04V,8.97628032264627,2.3078805511118206,17.802156769957556,9.990223746860798,18.986516182733855,6.871050557380566,7.682343195748977,0.6622998611757541,0.7999999999999999,0.22325702442821085,0.10408803866182788,stable,Y
SMBV,BWM04V,SMBV,BWM04V,10.326100171376732,7.846714601275889,7.0951851745817756,10.73756356901642,12.621985401953104,2.2485001429903595,2.2958852305763724,0.5548403396748512,0.6,0.33169294651332243,0.28475697986529375,stable,Y
SMBD,BWM05D,SMBD,BWM05D,5.246200394581324,3.94147234250311,1.1972615327136777,5.312219369203074,22.28606060168829,8.379058970767158,1.304728052078214,0.8083907644379108,0.6,0.09773831703018583,0.28475697986529375,stable,Y
SMBV,BWM05V,SMBV,BWM05V,1.0856710621803292,5.014899120893467,3.8550442494766495,6.012930991661889,8.78291989691225,2.826538294934077,1.159854871416817,0.9414776689352852,0.8999999999999998,0.01684483386917231,0.03738607346849874,developmentally dynamic (strengthened),Y
RIM,BWM06D,RIM,BWM06D,0.023598371617249703,0.6333171012974892,6.420613414090143,0.17454946124050982,0.8283036123847056,2.7057329834033315,0.45876764005697934,0.052710398433742256,0.49999999999999994,0.9329181268810754,0.39100221895577053,variable,Y
RMG,BWM06D,RMG,BWM06D,0.17366746093495888,0.8986902540263852,0.7677487753731761,4.513647025699811,5.974276255917292,2.6026988581450117,0.7250227930914264,0.8926467532495367,0.8999999999999998,0.04153714828062239,0.03738607346849874,developmentally dynamic (strengthened),Y
RIM,BWM06V,RIM,BWM06V,0.0332157637578925,1.789407081065159,0.20326165324108253,1.004704981163396,1.965770204903566,0.8839342265442437,0.8014433279223134,0.6480841845956256,0.7,0.2369305110447726,0.1881204043741873,variable,Y
RMG,BWM06V,RMG,BWM06V,0.3009695318821156,3.224550112500558,1.7947612084047202,8.10593470562317,8.0327094800274,3.6001034764167326,2.9235805806184425,0.8166298363712104,0.7999999999999999,0.09162317253249017,0.10408803866182788,developmentally dynamic (strengthened),Y
SMBV,BWM07V,SMBV,BWM07V,0.4788765936423875,1.6489688791477581,0.5871676951492579,1.985014243573074,4.819600555064044,1.756228543763574,1.0618011839985002,0.9070569535972439,0.8999999999999998,0.033535903458078636,0.03738607346849874,developmentally dynamic (strengthened),Y
ASI,CEPshD,ASI,CEPshD,8.45190271465126,7.5504922257385605,18.082159845057497,1.030228028999139,2.8594762966262617,6.637736822268614,4.691015929112298,-0.3792096982929099,-0.6,0.5290103143837059,0.28475697986529375,variable,N
ASI,CEPshV,ASI,CEPshV,15.294120735590292,16.17472184089543,5.933587942979972,7.7434369804869645,12.56233932995423,4.540511540268768,3.612382510941199,-0.29455372454271544,-0.49999999999999994,0.6304585725561301,0.39100221895577053,stable,N
AIN,CEPshV,AIN,CEPshV,10.287557458760844,7.329769544413031,3.9557249160781205,14.619104487304318,8.321500800614507,3.9331786015587613,1.9660566581463375,-0.029065565904175805,0.09999999999999999,0.9629977834509728,0.8728885715695383,stable,N
